CustomerNumber;CustomerName;SegmentType;ScoringNumber;ScoringReason;SegmentMetadataVersionId;MetadataVersionId;CustomerEsgScoreGrade;CustomerEScoreGrade;CustomerEPhysicalScoreGrade;CustomerETransitoryScoreGrade;CustomerSScoreGrade;CustomerGScoreGrade;Scorings_Annotation;ApprovedDate;ReferenceDate;CrePropertyOverview_Annotation;ObjectId;PropertyName;StreetAndHousenumber;PostalCode;City;IsoAlpha3;SubRegionCode;ConstructionYear;LastRenovationYear;CrePropertyDetails_TypeOfUse;CrePropertyDetails_Annotation;CreTypeOfUseResults_TypeOfUse;UsableArea;AreaUnit;IsUsableAreaAggregated;CreTypeOfUseList_Annotation;HasCertifications;CreCertificationOverviews_Annotation;CertificationKey;Evaluation;CertificationValidFrom;CertificationValidTo;OtherName;OtherEvaluation;OtherExplanations;ComplianceProof;CreTaxonomyCompliance_Share;CreTaxonomyCompliance_Annotation;EsgDataForm;CreEsgDataAvailability_Annotation;GeoLocation;CreEPhysicalLocation_Annotation;TornadoRisk;TornadoRiskRelevance;TornadoReason;TornadoRiskAfterRelevanceRounded;ExtratropicalCycloneRisk;ExtratropicalCycloneRiskRelevance;ExtratropicalCycloneReason;ExtratropicalCycloneRiskAfterRelevanceRounded;HailRisk;HailRiskRelevance;HailReason;HailRiskAfterRelevanceRounded;LightningRisk;LightningRiskRelevance;LightningReason;LightningRiskAfterRelevanceRounded;ForestFireRisk;ForestFireRiskRelevance;ForestFireReason;ForestFireRiskAfterRelevanceRounded;FlashFloodRisk;FlashFloodRiskRelevance;FlashFloodReason;FlashFloodRiskAfterRelevanceRounded;CoastalFloodRisk;CoastalFloodRiskRelevance;CoastalFloodReason;CoastalFloodRiskAfterRelevanceRounded;TropicalCycloneRisk;TropicalCyclonePrognosisYear;TropicalCycloneRiskRelevance;TropicalCycloneReason;TropicalCycloneRiskAfterRelevanceRounded;DroughtRisk;DroughtPrognosisYear;DroughtRiskRelevance;DroughtReason;DroughtRiskAfterRelevanceRounded;FireRisk;FirePrognosisYear;FireRiskRelevance;FireReason;FireRiskAfterRelevanceRounded;HeatRisk;HeatPrognosisYear;HeatRiskRelevance;HeatReason;HeatRiskAfterRelevanceRounded;ColdRisk;ColdPrognosisYear;ColdRiskRelevance;ColdReason;ColdRiskAfterRelevanceRounded;PrecipitationRisk;PrecipitationPrognosisYear;PrecipitationRiskRelevance;PrecipitationReason;PrecipitationRiskAfterRelevanceRounded;RiverFloodRisk;RiverFloodPrognosisYear;RiverFloodRiskRelevance;RiverFloodReason;RiverFloodRiskAfterRelevanceRounded;RisingSeaLevelsRisk;RisingSeaLevelsPrognosisYear;RisingSeaLevelsRiskRelevance;RisingSeaLevelsReason;RisingSeaLevelsRiskAfterRelevanceRounded;EPhysicalLocationDetailedRisk_Annotation;PropertyInsurance;PropertyInsuranceReason;CreEPhysicalQualitative_Annotation;CreEpcEnergyCertificateDetailsInt_DateOfIssue;CreEpcEnergyCertificateDetailsInt_AssessmentDate;CreEpcEnergyCertificateDetailsInt_CertificateValidTo;HasRating;CreEpcEnergyCertificateDetailsInt_Annotation;EnergyEfficiencyClass;SpecialEnergyEfficiencyClass;SpecialEnergyEfficiencyClassExplanations;CreEpcEnergyCertificateEfficiencyClass_Annotation;Score;MaximumValue;IsMaximumValueCorrespondsToBestValue;UnitType;CreEpcEnergyEfficiencyScale_Annotation;Co2eEmissions;EnergyIntensity;EnergyType;OtherEnergyType;Source;CreEmissionsEnergyIntensity_Annotation;TypeOfBuilding;TypeOfEnergyCertificate;DateOfIssue;AssessmentDate;CertificateValidTo;CreEnergyCertificateDetailsDe_Annotation;CreNonResidentialBuildingsDemandCertificate_GreenhouseGasEmissions;PrimaryEnergyDemand;ScaleMaximumValue;RequirementValue;FinalEnergyDemandHeat;FinalEnergyDemandElectricity;CreNonResidentialBuildingsDemandCertificate_Annotation;FinalEnergyConsumptionHeat;HeatScaleMaximumValue;ComparisonValueForHeatingAndHotWater;FinalEnergyConsumptionElectricity;ElectricityScaleMaximumValue;ComparisonValueForElectricity;PrimaryEnergyConsumption;CreNonResidentialBuildingsConsumptionCertificate_GreenhouseGasEmissions;CreNonResidentialBuildingsConsumptionCertificate_Annotation;EfficiencyAssessment;EfficiencyAssessmentReason;CreExpertbasedAssessment_Annotation;QualitativeMeasure;QualitativeMeasureReason;CreETransitoryQualitative_Annotation;Infrastructure;InfrastructureReason;PublicTransportConnections;PublicTransportConnectionsReason;CreSocialQualitative_Annotation;LegalRisk;LegalRiskReason;CreGovernanceQualitative_Annotation;SponsorProfessionalism;SponsorProfessionalismReason;CreGovernanceCustomer_Annotation;CustomerEsgScore;CustomerEScore;CustomerEPhysicalScore;CustomerETransitoryScore;CrePropertyResults_Share;Escore;EPhysicalScoreRounded;EPhysicalQualitative;TotalRiskAfterRelevanceRounded;ETransitoryScore;ETransitoryQualitative;ETransitoryQuantitative;CreTypeOfUseResults_Share;Total;EpcCertificatesExpertAssessment;EpcEnergyCertificateRating;EpcEnergyCertificateEnergyValues;CertificationsSealsOfApproval;ExpertAssessment;Crrem;CustomerSScore;Sscore;SQualitative1;SQualitative2;SQuantitative;SProtectionAndSafety;SPersonalFreedom;SSocialCapital;SLivingConditions;SHealth;SEducation;CustomerGScore;CreEsgScoreResults_GQualitative;Gscore;CrePropertyResults_GQualitative;GQuantitative;GQuantitativeCompany;GGovernance;GEnvironmentOfInvestment;GConditions;GInfrastructure;GQualityOfEconomy;GQuantitativeGovernment;GControlOfCorruption;GEffectivenessOfGovernment;GPoliticalStability;GRegulatoryQuality;GConstitutionalLegality;GParticipation;DetailResultAnnotation
41114;WestInvest TargetSelect Hotel;Immobilien;004000_S0001160;Anlassbezogenes Re-Scoring;20;21;B;C;B;C;A;A;;08/20/2025 16:34:27;07/18/2025 00:00:00;Quelle Inputdaten: WestInvest TargetSelect Hotel Objectfactsheet (Stichtag 31.12.2024);020005_587;Malmaison;Charterhouse Square 18-21;EC1M 6AH;London;GBR;;1753;2003;Keine Mischnutzung (nur eine Nutzungsart);;HOT;51322.00;sq ft;True;Mietfläche gem. Objektfactsheet ;False;;;;;;;;;Ja, und die Immobilie ist nicht Taxonomie-konform;;Gem. DekaBank-interne Prüfung (siehe RTM);;;POINT (-0.10044275632807 51.52081769181);;geringes Risiko;mittel;;30.00000000000000000000;keine Informationen verfügbar;mittel;;;keine Informationen verfügbar;mittel;;;keine Informationen verfügbar;mittel;;;keine Informationen verfügbar;mittel;;;keine Informationen verfügbar;mittel;;;keine Informationen verfügbar;mittel;;;keine Informationen verfügbar;-1;mittel;;;keine Informationen verfügbar;-1;mittel;;;keine Informationen verfügbar;-1;mittel;;;geringes Risiko;2030;mittel;;30.00000000000000000000;keine Informationen verfügbar;-1;mittel;;;geringes Risiko;2030;mittel;;30.00000000000000000000;geringes Risiko;2030;mittel;;30.00000000000000000000;geringes Risiko;2100;mittel;;30.00000000000000000000;"mit AMI zu klären:
- welche Prognosejahre?
- Tornado = Wirbelsturm?
- Bewertung in 5-stufen-Logik?";Keine Informationen verfügbar;Keine Informationen verfügbar;;;;;;;;;;;;;False;;;34.9000;192.2000;Endenergieverbrauch;;;"mit AMI zu klären:
- Welche Art von Energiewert?";;;;;;;;;;;;;;;;;;;;;;;Ähnlich zu vergleichbaren Gebäuden;"Wegen unterhalb CRREM-Abbaupfad, wurde hier ""Ähnlich zu vergleichbaren Gebäuden"" gewählt.";"mit AMI zu klären:
- Wie können wir eine Einschätzung treffen, wenn keine Zertifizierung/Energieausweis vorliegt.";Keine Informationen verfügbar;Keine Informationen verfügbar;;Gut;"- Sehr gefragte zentrale Lage in der London City
- Gefragte Lage für Medienbranchen und Ausgehviertel
- Heathrow Airport in ca. 45 Minuten";Gut;"- Circle, Hammersmith und City Line ca. 200 m entfernt
- Anbindung an die Crossrailstation Farringdon
";;Nein, kein akutes Rechts- und/oder Reputationsrisiko bekannt bzw. keine negativen finanziellen Auswirkungen zu erwarten;Gut eingeführte Bestandsimmobilie.;;Keine Auffälligkeiten;Sponsor mit langjähriger Erfahrung in Immobilieninvestments.;;30.33922152662595357664;47.10186158799488422262;30.00000000000000000000;54.43123083999269174660;0.25317141347126799973;42.58701314208038207422;30.00000000000000000000;0.00000000000000000000;30.00000000000000000000;47.98144734582911724888;0.00000000000000000000;47.98144734582911724888;1.00000000000000000000;47.98144734582911724888;50.00000000000000000000;;;;50.00000000000000000000;43.27149115276372416295;0.00000000000000000000;0.00000000000000000000;-10.00000000000000000000;-10.00000000000000000000;12.21116359813076034560;10.88591067063890000000;10.85168740796130000000;24.82602834533490000000;2.21224044646521000000;15.61315144285330000000;8.87796327582402000000;10.39052286914511521537;0.00000000000000000000;13.83355441197330171736;0.00000000000000000000;13.83355441197330171736;10.12313417145464600000;12.65172209563930000000;5.52335284289799000000;8.67810061288744000000;11.56519096116990000000;12.19730434467860000000;17.54397465249195743472;18.37708619430300000000;19.98352460082140000000;25.76070459940310000000;14.06148923666160000000;12.78803538840330000000;14.29300789578040000000;
41114;WestInvest TargetSelect Hotel;Immobilien;004000_S0001160;Anlassbezogenes Re-Scoring;20;21;B;C;B;C;A;A;;08/20/2025 16:34:27;07/18/2025 00:00:00;Quelle Inputdaten: WestInvest TargetSelect Hotel Objectfactsheet (Stichtag 31.12.2024);020005_588;Sir Albert;Albert Cuypstraat 2-6;1072 CT;Amsterdam;NLD;;1893;2011;Keine Mischnutzung (nur eine Nutzungsart);;HOT;3943.00;m²;True;Mietfläche gem. Objektfactsheet ;True;Stichtag des Objectfactsheets ist der 31.12.2024. Daher wird hier vereinfacht eine 1-jahres Gültigkeit ab Stichtag angenommen.;BREEAM;Pass;12/31/2024 00:00:00;12/31/2025 00:00:00;;;;Ja, und die Immobilie ist nicht Taxonomie-konform;;"Gemäß Taxonomieprüfung in RTM (41114; 020005_588)";;;POINT (4.88764216919733 52.3544715728031);"mit AMI zu klären:
- welche Prognosejahre?
- Tornado = Wirbelsturm?
- Bewertung in 5-stufen-Logik?";geringes Risiko;mittel;;30.00000000000000000000;keine Informationen verfügbar;mittel;;;keine Informationen verfügbar;mittel;;;keine Informationen verfügbar;mittel;;;keine Informationen verfügbar;mittel;;;keine Informationen verfügbar;mittel;;;keine Informationen verfügbar;mittel;;;keine Informationen verfügbar;-1;mittel;;;keine Informationen verfügbar;-1;mittel;;;keine Informationen verfügbar;-1;mittel;;;geringes Risiko;2030;mittel;;30.00000000000000000000;keine Informationen verfügbar;-1;mittel;;;geringes Risiko;2030;mittel;;30.00000000000000000000;geringes Risiko;2030;mittel;;30.00000000000000000000;geringes Risiko;2100;mittel;;30.00000000000000000000;"mit AMI zu klären:
- welche Prognosejahre?
- Tornado = Wirbelsturm?
- Bewertung in 5-stufen-Logik?";Keine Informationen verfügbar;Keine Information verfügbar;;;;;;;;;;;;;False;;;45.9000;198.3000;Endenergieverbrauch;;Objektfactsheet;Zu klären ob Primärenergieverbrauch oder Endenergieverbrauch.;;;;;;;;;;;;;;;;;;;;;;;;;;Keine Informationen verfügbar;Keine Informationen verfügbar;;Gut;"- Zentrale Lage südlich der Innenstadt
- Direkte Nähe zum Reichsmuseum und Museumsplatz
- Reichhaltiges gastronomisches Angebot in direkter Umgebung
- Direkte Grachtenlage
- Kernbereich der Innenstadt fußläufig erreichbar";Gut;- Sehr gute Anbindungen an ÖPNV;;Nein, kein akutes Rechts- und/oder Reputationsrisiko bekannt bzw. keine negativen finanziellen Auswirkungen zu erwarten;Gut eingeführte Bestandsimmobilie.;;Keine Auffälligkeiten;Sponsor mit langjähriger Erfahrung in Immobilieninvestments.;;30.33922152662595357664;47.10186158799488422262;30.00000000000000000000;54.43123083999269174660;0.20936687640830361017;50.67728119654820726485;30.00000000000000000000;0.00000000000000000000;30.00000000000000000000;59.53897313792601037836;0.00000000000000000000;59.53897313792601037836;1.00000000000000000000;59.53897313792601037836;70.00000000000000000000;;;70.00000000000000000000;;35.12991045975336792787;0.00000000000000000000;0.00000000000000000000;-10.00000000000000000000;-10.00000000000000000000;6.90540356289507671908;6.43381280159895000000;5.15539461659118000000;14.32395605493960000000;0.00000000000000000000;8.81239152040086000000;6.70686638400560000000;10.39052286914511521537;0.00000000000000000000;8.86957356101683608344;0.00000000000000000000;8.86957356101683608344;6.24652217589564600000;3.97290725187349000000;1.39068589768667000000;7.49106595322032000000;8.01714072323255000000;10.36081105346520000000;11.49262494613802616688;11.40223200910190000000;12.46736768431640000000;20.96239951084050000000;10.89783637233640000000;7.08906179969188000000;6.13685230081690000000;
41114;WestInvest TargetSelect Hotel;Immobilien;004000_S0001160;Anlassbezogenes Re-Scoring;20;21;B;C;B;C;A;A;;08/20/2025 16:34:27;07/18/2025 00:00:00;Quelle Inputdaten: WestInvest TargetSelect Hotel Objectfactsheet (Stichtag 31.12.2024);020005_589;Park Hotel;Molenstraat 53;2513 BJ;Den Haag;NLD;;1850;2021;Keine Mischnutzung (nur eine Nutzungsart);;HEC;8502.00;m²;True;Mietfläche gem. Objectfactsheet;False;;;;;;;;;Ja, und die Immobilie ist nicht Taxonomie-konform;;"Gemäß Taxonomieprüfung in RTM (41114; 020005_589)";;;POINT (4.30516788804781 52.0797532043562);;geringes Risiko;mittel;;30.00000000000000000000;keine Informationen verfügbar;mittel;;;keine Informationen verfügbar;mittel;;;keine Informationen verfügbar;mittel;;;keine Informationen verfügbar;mittel;;;keine Informationen verfügbar;mittel;;;keine Informationen verfügbar;mittel;;;keine Informationen verfügbar;-1;mittel;;;keine Informationen verfügbar;-1;mittel;;;keine Informationen verfügbar;-1;mittel;;;geringes Risiko;2030;mittel;;30.00000000000000000000;keine Informationen verfügbar;-1;mittel;;;geringes Risiko;2030;mittel;;30.00000000000000000000;geringes Risiko;2030;mittel;;30.00000000000000000000;geringes Risiko;2100;mittel;;30.00000000000000000000;"mit AMI zu klären:
- welche Prognosejahre?
- Tornado = Wirbelsturm?
- Bewertung in 5-stufen-Logik?";Keine Informationen verfügbar;Keine Informationen verfügbar;;;;;;;;;;;;;False;;;61.9000;391.5000;Endenergieverbrauch;;Objectfactsheet;Zu klären ob Primärenergieverbrauch oder Endenergieverbrauch.;;;;;;;;;;;;;;;;;;;;;;;Ähnlich zu vergleichbaren Gebäuden;---;;Keine Informationen verfügbar;Keine Informationen verfügbar;;Gut;"- Sehr attraktive Lage im Herzen des Stadtzentrums
- Direkte Nähe zum königlichen Palast
- Reichhaltiges gastronomisches Angebot in direkter Umgebung";Gut;- 5 Gehminuten zum Hauptbahnhof;;Keine Informationen verfügbar;Gut eingeführte Bestandsimmobilie.;;Keine Auffälligkeiten;Sponsor mit langjähriger Erfahrung in Immobilieninvestments.;;30.33922152662595357664;47.10186158799488422262;30.00000000000000000000;54.43123083999269174660;0.45144234928313398267;48.05476968518446255336;30.00000000000000000000;0.00000000000000000000;30.00000000000000000000;55.79252812169208936194;0.00000000000000000000;55.79252812169208936194;1.00000000000000000000;55.79252812169208936194;50.00000000000000000000;;;;50.00000000000000000000;69.30842707230696453982;0.00000000000000000000;0.00000000000000000000;-10.00000000000000000000;-10.00000000000000000000;6.90540356289507671908;6.43381280159895000000;5.15539461659118000000;14.32395605493960000000;0.00000000000000000000;8.81239152040086000000;6.70686638400560000000;10.39052286914511521537;0.00000000000000000000;8.86957356101683608344;0.00000000000000000000;8.86957356101683608344;6.24652217589564600000;3.97290725187349000000;1.39068589768667000000;7.49106595322032000000;8.01714072323255000000;10.36081105346520000000;11.49262494613802616688;11.40223200910190000000;12.46736768431640000000;20.96239951084050000000;10.89783637233640000000;7.08906179969188000000;6.13685230081690000000;
41114;WestInvest TargetSelect Hotel;Immobilien;004000_S0001160;Anlassbezogenes Re-Scoring;20;21;B;C;B;C;A;A;;08/20/2025 16:34:27;07/18/2025 00:00:00;Quelle Inputdaten: WestInvest TargetSelect Hotel Objectfactsheet (Stichtag 31.12.2024);020005_590;Sir Savigny Hotel;Kantstraße 144;10623;Berlin;DEU;;1893;2016;Keine Mischnutzung (nur eine Nutzungsart);;HOT;1620.00;m²;True;Mietfläche gem. Objectfactsheet;False;;;;;;;;;Ja, und die Immobilie ist nicht Taxonomie-konform;;"Gemäß Taxonomieprüfung in RTM (21497; 020005_590)";;;POINT (13.3207558980533 52.5056745017749);;geringes Risiko;mittel;;30.00000000000000000000;keine Informationen verfügbar;mittel;;;keine Informationen verfügbar;mittel;;;keine Informationen verfügbar;mittel;;;keine Informationen verfügbar;mittel;;;keine Informationen verfügbar;mittel;;;keine Informationen verfügbar;mittel;;;keine Informationen verfügbar;-1;mittel;;;keine Informationen verfügbar;-1;mittel;;;keine Informationen verfügbar;-1;mittel;;;geringes Risiko;2030;mittel;;30.00000000000000000000;keine Informationen verfügbar;-1;mittel;;;geringes Risiko;2030;mittel;;30.00000000000000000000;geringes Risiko;2030;mittel;;30.00000000000000000000;geringes Risiko;2100;mittel;;30.00000000000000000000;"mit AMI zu klären:
- welche Prognosejahre?
- Tornado = Wirbelsturm?
- Bewertung in 5-stufen-Logik?";Frage nicht relevant;Keine Informationen verfügbar;;;;;;;;;;;;;False;;;51.8000;180.0000;Endenergieverbrauch;;Objectfactsheet;Zu klären ob Primärenergieverbrauch oder Endenergieverbrauch.;;;;;;;;;;;;;;;;;;;;;;;Ähnlich zu vergleichbaren Gebäuden;---;;Keine Informationen verfügbar;Keine Informationen verfügbar;;Gut;"- Direkte Lage an der Kantstraße im Herzen Charlottenburgs
- Nähe zum Savigny Platz mit vielen gastronomischen Angeboten
- Ca. 500 m zur Station Savigny Platz
- Ca. 2 km Entfernung zum Autobahnanschluss Charlottenburg
- Flughafen BER in ca. 40 Fahrminuten
- Diverse Gastronomiebetriebe in der näheren Umgebung";Gut;- Ca. 5,5 km bis zum Hauptbahnhof Berlin (15 Min ÖPNV/Taxi);;Nein, kein akutes Rechts- und/oder Reputationsrisiko bekannt bzw. keine negativen finanziellen Auswirkungen zu erwarten;Gut eingeführte Bestandsimmobilie.;;Keine Auffälligkeiten;Sponsor mit langjähriger Erfahrung in Immobilieninvestments.;;30.33922152662595357664;47.10186158799488422262;30.00000000000000000000;54.43123083999269174660;0.08601936083729440742;46.68652552493300700882;30.00000000000000000000;0.00000000000000000000;30.00000000000000000000;53.83789360704715286975;0.00000000000000000000;53.83789360704715286975;1.00000000000000000000;53.83789360704715286975;50.00000000000000000000;;;;50.00000000000000000000;62.79297869015717623252;0.00000000000000000000;0.00000000000000000000;-10.00000000000000000000;-10.00000000000000000000;11.52555610192199777559;10.53040064189670000000;8.20686899348540000000;27.86313043330380000000;1.87949218951652000000;9.97087471013538000000;10.70256964347080000000;10.39052286914511521537;0.00000000000000000000;11.94110602853979884764;0.00000000000000000000;11.94110602853979884764;8.79796921405254800000;7.78705307646244000000;9.67214266407603000000;6.53074595557859000000;8.96898352147608000000;11.03092085266960000000;15.08424284302704969529;13.72240308823890000000;18.85505492071380000000;23.26851232077950000000;15.02114405971210000000;10.01637867351660000000;9.62196399556342000000;
66264;Deka-ImmobilienMetropolen;Immobilien;004000_S0001171;Anlassbezogenes Re-Scoring;20;21;B;B;B;B;A;A;;08/20/2025 16:33:45;08/20/2025 00:00:00;Quelle Inputdaten: Deka-Immobilien Metropolen Objectfactsheet (Stichtag 31.12.2024);030001_869;Lakefront Block 25';Boren Ave N 620;98109;Seattle;USA;WDC;2019;;Keine Mischnutzung (nur eine Nutzungsart);;OFF;323765.00;sq ft;True;Mietfläche gem. Objektfactsheet ;True;Stichtag des Objectfactsheets ist der 31.12.2024. Daher wird hier vereinfacht eine 1-jahres Gültigkeit ab Stichtag angenommen.;LEED;Gold;12/31/2024 00:00:00;12/31/2025 00:00:00;;;;Nein;;;;;POINT (-122.335687 47.6247574);;geringes Risiko;mittel;;30.00000000000000000000;keine Informationen verfügbar;mittel;;;keine Informationen verfügbar;mittel;;;keine Informationen verfügbar;mittel;;;keine Informationen verfügbar;mittel;;;keine Informationen verfügbar;mittel;;;keine Informationen verfügbar;mittel;;;keine Informationen verfügbar;-1;mittel;;;keine Informationen verfügbar;-1;mittel;;;keine Informationen verfügbar;-1;mittel;;;geringes Risiko;2030;mittel;;30.00000000000000000000;keine Informationen verfügbar;-1;mittel;;;geringes Risiko;2030;mittel;;30.00000000000000000000;geringes Risiko;2030;mittel;;30.00000000000000000000;geringes Risiko;2100;mittel;;30.00000000000000000000;"mit AMI zu klären:
- welche Prognosejahre?
- Tornado = Wirbelsturm?
- Bewertung in 5-stufen-Logik?";Keine Informationen verfügbar;Keine Informationen verfügbar;;;;;;;;;;;;;False;;;;;;;;;;;;;;;;;;;;;;;;;;;;;;;;;;Keine Informationen verfügbar;Keine Informationen verfügbar;;Gut;"- Südufer des Lake Union im Stadtteil South Lake Union
- Direkter Zugang zur Interstate 5
- Flughafen erreichbar via I-5 Autobahn
- Vielfältiges gastronomisches Angebot in der Umgebung";Gut;"- Anliegende Light-Rail Station und Busverkehr
- Distanz zum ÖPNV (81 Meter)";;Nein, kein akutes Rechts- und/oder Reputationsrisiko bekannt bzw. keine negativen finanziellen Auswirkungen zu erwarten;Gut eingeführte Bestandsimmobilie.;;Keine Auffälligkeiten;Sponsor mit langjähriger Erfahrung in Immobilieninvestments.;;21.44291655179728818540;30.00000000000000000000;30.00000000000000000000;30.00000000000000000000;1.00000000000000000000;30.00000000000000000000;30.00000000000000000000;0.00000000000000000000;30.00000000000000000000;30.00000000000000000000;0.00000000000000000000;30.00000000000000000000;1.00000000000000000000;30.00000000000000000000;30.00000000000000000000;;;30.00000000000000000000;;;0.00000000000000000000;0.00000000000000000000;-10.00000000000000000000;-10.00000000000000000000;17.77069764475032887608;29.94444604385620000000;19.56809144444580000000;14.52160825193150000000;6.67403084327567000000;24.81159648543490000000;11.10441279998440000000;17.21458275898644092700;0.00000000000000000000;17.21458275898644092700;0.00000000000000000000;17.21458275898644092700;10.52112902279016400000;19.69597298046840000000;8.70103062071742000000;1.56573622298560000000;8.69968333172270000000;13.94322195805670000000;23.90803649518271785401;30.49162073509020000000;19.60073550438530000000;37.90331331798240000000;17.14501454684200000000;13.81984660989090000000;24.48768825747930000000;
21497;WestInvest InterSelect;Immobilien;004000_S0001170;Anlassbezogenes Re-Scoring;20;21;B;C;C;C;A;A;;08/28/2025 13:53:14;07/18/2025 00:00:00;;030001_886;Blaak 6 / Gelderseplein 46 Wijnhaven 17-23;Blaak 6;3011;Rotterdam;NLD;;1993;;Keine Mischnutzung (nur eine Nutzungsart);;OFF;14950.00;m²;False;"Mehrere Nutzungsarten: Büro 47,60%; Hotel 32,39%; Handel/Gastronomie: 10,62%
Da ESG-Daten aggregiert vorliegen, wird sich auf eine Nutzungsart beschränkt.";False;"Angabe über Typ des Energieausweises liegt nicht vor. Das Rating gemäß dieses Ausweises ist ""A bis G"" laut Object-Factsheet (Primärenergie: 149 kWh/m2 und Jahr)
";;;;;;;;Ja, und die Immobilie ist nicht Taxonomie-konform;;"Gemäß Taxonomieprüfung in RTM (21497; 030001_886)
";;;POINT (4.48995683251811 51.9195934744546);;geringes Risiko;mittel;;30.00000000000000000000;keine Informationen verfügbar;mittel;;;keine Informationen verfügbar;mittel;;;keine Informationen verfügbar;mittel;;;keine Informationen verfügbar;mittel;;;keine Informationen verfügbar;mittel;;;keine Informationen verfügbar;mittel;;;keine Informationen verfügbar;-1;mittel;;;keine Informationen verfügbar;-1;mittel;;;keine Informationen verfügbar;-1;mittel;;;geringes Risiko;2030;mittel;;30.00000000000000000000;keine Informationen verfügbar;-1;mittel;;;geringes Risiko;2030;mittel;;30.00000000000000000000;geringes Risiko;2030;mittel;;30.00000000000000000000;mittleres Risiko;2100;mittel;;50.00000000000000000000;"mit AMI zu klären:
- welche Prognosejahre?
- Tornado = Wirbelsturm?
- Bewertung in 5-stufen-Logik?";Keine Informationen verfügbar;Keine Informationen verfügbar;;;;;;;;;;;;;False;;;115.0000;375.6000;Endenergieverbrauch;;Object-Factsheet;Zu klären ob Primärenergieverbrauch oder Endenergieverbrauch.;;;;;;;;;;;;;;;;;;;;;;;Ähnlich zu vergleichbaren Gebäuden;---;;Keine Informationen verfügbar;Keine Informationen verfügbar;;Gut;"- Im Zentrum Rotterdams (Prominente Innenstadtlage)
- A 13 Anschluss in 15 ca. Fahrminuten erreichbar
- Flughafen Schiphol in ca. 50 Fahrminuten erreichbar";Gut;"- ÖPNV-Anbindung direkt gegenüber vom Gebäude
- Distanz zum ÖPNV = 20 Meter";;Nein, kein akutes Rechts- und/oder Reputationsrisiko bekannt bzw. keine negativen finanziellen Auswirkungen zu erwarten;Gut eingeführte Bestandsimmobilie.;;Keine Auffälligkeiten;Sponsor mit langjähriger Erfahrung in Immobilieninvestments.;;29.83050326484067185715;43.11242949438207390580;50.00000000000000000000;43.65886120441806919363;0.02728122103081044387;60.50000000000000000000;50.00000000000000000000;0.00000000000000000000;50.00000000000000000000;65.00000000000000000000;0.00000000000000000000;65.00000000000000000000;1.00000000000000000000;65.00000000000000000000;50.00000000000000000000;;;;50.00000000000000000000;100.00000000000000000000;0.69221439747403368374;0.00000000000000000000;-10.00000000000000000000;-10.00000000000000000000;6.90540356289507671908;6.43381280159895000000;5.15539461659118000000;14.32395605493960000000;0.00000000000000000000;8.81239152040086000000;6.70686638400560000000;19.12301344358310388463;0.00000000000000000000;8.86957356101683608344;0.00000000000000000000;8.86957356101683608344;6.24652217589564600000;3.97290725187349000000;1.39068589768667000000;7.49106595322032000000;8.01714072323255000000;10.36081105346520000000;11.49262494613802616688;11.40223200910190000000;12.46736768431640000000;20.96239951084050000000;10.89783637233640000000;7.08906179969188000000;6.13685230081690000000;
21497;WestInvest InterSelect;Immobilien;004000_S0001170;Anlassbezogenes Re-Scoring;20;21;B;C;C;C;A;A;;08/28/2025 13:53:14;07/18/2025 00:00:00;;030001_865;H2O;Moosacher Str. 84-88;80809;München;DEU;;2017;;Keine Mischnutzung (nur eine Nutzungsart);;OFF;20618.00;m²;True;Mietfläche gem. Objectfactsheet;True;Stichtag des Objectfactsheets ist der 31.12.2024. Daher wird hier vereinfacht eine 1-jahres Gültigkeit ab Stichtag angenommen.;LEED;Gold;12/31/2024 00:00:00;12/31/2025 00:00:00;;;;Ja, und die Immobilie ist nicht Taxonomie-konform;;"Gemäß Taxonomieprüfung in RTM (21497; 030001_865)";;;POINT (11.5445024982554 48.1866046536689);;geringes Risiko;mittel;;30.00000000000000000000;keine Informationen verfügbar;mittel;;;keine Informationen verfügbar;mittel;;;keine Informationen verfügbar;mittel;;;keine Informationen verfügbar;mittel;;;keine Informationen verfügbar;mittel;;;keine Informationen verfügbar;mittel;;;keine Informationen verfügbar;-1;mittel;;;keine Informationen verfügbar;-1;mittel;;;keine Informationen verfügbar;-1;mittel;;;geringes Risiko;2030;mittel;;30.00000000000000000000;keine Informationen verfügbar;-1;mittel;;;mittleres Risiko;2030;mittel;;50.00000000000000000000;geringes Risiko;2030;mittel;;30.00000000000000000000;geringes Risiko;2100;mittel;;30.00000000000000000000;"mit AMI zu klären:
- welche Prognosejahre?
- Tornado = Wirbelsturm?
- Bewertung in 5-stufen-Logik?";Keine Informationen verfügbar;Keine Informationen verfügbar.;;;;;;;;;;;;;False;;;23.3000;105.1000;Endenergieverbrauch;;Objectfactsheet;Zu klären ob Primärenergieverbrauch oder Endenergieverbrauch.;;;;;;;;;;;;;;;;;;;;;;;;;;Keine Informationen verfügbar;Keine Informationen verfügbar;;Gut;"- Gastronomie direkt im Objekt verfügbar
- Shopping-Center Olympia Einkaufszentrum in der Nähe
- Stadtbezirk Milbertshofen-Am Hart, Bezirksteil Am Riesenfeld
- ÖPNV Anbindung in unmittelbarer Nähe (Bus, U-Bahn)
- Autobahnen A9 und A99 in in ca. 10 Fahrminuten erreichbar
- Flughafen in ca. 45 Fahrminuten erreichbar
- Hauptbahnhof mit ÖPNV in ca. 20 Fahrminuten erreichbar
";Durchschnittlich;"- ÖPNV Anbindung in unmittelbarer Nähe (Bus, U-Bahn)
- Distanz zum ÖPNV: 140 Meter";;Nein, kein akutes Rechts- und/oder Reputationsrisiko bekannt bzw. keine negativen finanziellen Auswirkungen zu erwarten;Gut eingeführte Bestandsimmobilie.;;Keine Auffälligkeiten;Sponsor mit langjähriger Erfahrung in Immobilieninvestments.;;29.83050326484067185715;43.11242949438207390580;50.00000000000000000000;43.65886120441806919363;0.03762436222162205563;36.31816885260321893390;50.00000000000000000000;0.00000000000000000000;50.00000000000000000000;30.45452693229031276272;0.00000000000000000000;30.45452693229031276272;1.00000000000000000000;30.45452693229031276272;30.00000000000000000000;;;30.00000000000000000000;;31.51508977430104254240;0.69221439747403368374;1.52555610192199777559;-10.00000000000000000000;0.00000000000000000000;11.52555610192199777559;10.53040064189670000000;8.20686899348540000000;27.86313043330380000000;1.87949218951652000000;9.97087471013538000000;10.70256964347080000000;19.12301344358310388463;0.00000000000000000000;11.94110602853979884764;0.00000000000000000000;11.94110602853979884764;8.79796921405254800000;7.78705307646244000000;9.67214266407603000000;6.53074595557859000000;8.96898352147608000000;11.03092085266960000000;15.08424284302704969529;13.72240308823890000000;18.85505492071380000000;23.26851232077950000000;15.02114405971210000000;10.01637867351660000000;9.62196399556342000000;
21497;WestInvest InterSelect;Immobilien;004000_S0001170;Anlassbezogenes Re-Scoring;20;21;B;C;C;C;A;A;;08/28/2025 13:53:14;07/18/2025 00:00:00;;020006_630;"(Achtung) Malcom McLeanstraat 4-14; 5975 WG Sevenum";Mary Kingsleystraat 7-9;5928;Venlo;NLD;;2022;;Keine Mischnutzung (nur eine Nutzungsart);;DWW;149146.00;m²;True;Mietfläche gem. Objektfactsheet ;True;;BREEAM;Very Good;12/31/2024 00:00:00;12/31/2025 00:00:00;;;;Ja, und die Immobilie ist nicht Taxonomie-konform;;"Gemäß Taxonomieprüfung in RTM (21497; 020006_630)
";;;POINT (6.08313241457264 51.4112115823916);"mit AMI zu klären:
- welche Prognosejahre?
- Tornado = Wirbelsturm?
- Bewertung in 5-stufen-Logik?";geringes Risiko;mittel;;30.00000000000000000000;keine Informationen verfügbar;mittel;;;keine Informationen verfügbar;mittel;;;keine Informationen verfügbar;mittel;;;keine Informationen verfügbar;mittel;;;keine Informationen verfügbar;mittel;;;keine Informationen verfügbar;mittel;;;keine Informationen verfügbar;-1;mittel;;;keine Informationen verfügbar;-1;mittel;;;keine Informationen verfügbar;-1;mittel;;;geringes Risiko;2030;mittel;;30.00000000000000000000;keine Informationen verfügbar;-1;mittel;;;geringes Risiko;2030;mittel;;30.00000000000000000000;geringes Risiko;2030;mittel;;30.00000000000000000000;geringes Risiko;2100;mittel;;30.00000000000000000000;"mit AMI zu klären:
- welche Prognosejahre?
- Tornado = Wirbelsturm?
- Bewertung in 5-stufen-Logik?";Keine Informationen verfügbar;Keine Informationen verfügbar;;;;;;;;;;;;;False;;;;;;;;;;;;;;;;;;;;;;;;;;;;;;;;;;Keine Informationen verfügbar;Keine Informationen verfügbar;;Gut;"- Venlo als Logistik-Hotspot in den Niederlanden
- Viele gastronomische Einrichtungen in der Nähe
- Hervorragendes ""logistisches Tor"" von und in Richtung EU
- Flughafen Venlo in 6 km erreichbar
- In der Nähe von Autobahn, Hafen, Bahnhof, Flughafen
- Direkte Anbindung an A67 (Duisburg/Eindhoven)
- Direkte Anbindung an A73 (Venray/Nijmegen und Echt/Born)
- Düsseldorf in 65 km und Maastricht in 74 km erreichbar
- Bahnhof in 1 km erreichbar
";Gut;"- Bahnhof in 1 km erreichbar
- Distanz zum ÖPNV: 500 Meter";;Nein, kein akutes Rechts- und/oder Reputationsrisiko bekannt bzw. keine negativen finanziellen Auswirkungen zu erwarten;Gut eingeführte Bestandsimmobilie.;;Keine Auffälligkeiten;Sponsor mit langjähriger Erfahrung in Immobilieninvestments.;;29.83050326484067185715;43.11242949438207390580;50.00000000000000000000;43.65886120441806919363;0.27216622019138825830;44.00000000000000000000;30.00000000000000000000;0.00000000000000000000;30.00000000000000000000;50.00000000000000000000;0.00000000000000000000;50.00000000000000000000;1.00000000000000000000;50.00000000000000000000;50.00000000000000000000;;;50.00000000000000000000;;;0.69221439747403368374;0.00000000000000000000;-10.00000000000000000000;-10.00000000000000000000;6.90540356289507671908;6.43381280159895000000;5.15539461659118000000;14.32395605493960000000;0.00000000000000000000;8.81239152040086000000;6.70686638400560000000;19.12301344358310388463;0.00000000000000000000;8.86957356101683608344;0.00000000000000000000;8.86957356101683608344;6.24652217589564600000;3.97290725187349000000;1.39068589768667000000;7.49106595322032000000;8.01714072323255000000;10.36081105346520000000;11.49262494613802616688;11.40223200910190000000;12.46736768431640000000;20.96239951084050000000;10.89783637233640000000;7.08906179969188000000;6.13685230081690000000;
21497;WestInvest InterSelect;Immobilien;004000_S0001170;Anlassbezogenes Re-Scoring;20;21;B;C;C;C;A;A;;08/28/2025 13:53:14;07/18/2025 00:00:00;;020006_633;DSV Portfolio, Peine;Liebigstraße 2;31224;Peine;DEU;;2017;;Keine Mischnutzung (nur eine Nutzungsart);;DWW;21334.00;m²;True;Mietfläche gem. Objectfactsheet;True;Stichtag des Objectfactsheets ist der 31.12.2024. Daher wird hier vereinfacht eine 1-jahres Gültigkeit ab Stichtag angenommen.;DGNB;Gold;12/31/2024 00:00:00;12/31/2025 00:00:00;;;;Ja, und die Immobilie ist nicht Taxonomie-konform;;"Gemäß Taxonomieprüfung in RTM (21497; 020006_633)";;;POINT (10.2783462768069 52.3099046247012);;geringes Risiko;mittel;;30.00000000000000000000;keine Informationen verfügbar;mittel;;;keine Informationen verfügbar;mittel;;;keine Informationen verfügbar;mittel;;;keine Informationen verfügbar;mittel;;;keine Informationen verfügbar;mittel;;;keine Informationen verfügbar;mittel;;;keine Informationen verfügbar;-1;mittel;;;keine Informationen verfügbar;-1;mittel;;;keine Informationen verfügbar;-1;mittel;;;geringes Risiko;2030;mittel;;30.00000000000000000000;keine Informationen verfügbar;-1;mittel;;;geringes Risiko;2030;mittel;;30.00000000000000000000;geringes Risiko;2030;mittel;;30.00000000000000000000;geringes Risiko;2100;mittel;;30.00000000000000000000;"mit AMI zu klären:
- welche Prognosejahre?
- Tornado = Wirbelsturm?
- Bewertung in 5-stufen-Logik?";Keine Informationen verfügbar;Keine Informationen verfügbar;;;;;;;;;;;;;False;;;;;;;;;;;;;;;;;;;;;;;;;;;;;;;;;;Keine Informationen verfügbar;Keine Informationen verfügbar;;Schlecht;"- Logistikregion Hannover-Braunschweig
- Verkehrsgünstig gelegenes Gewerbegebiet Peine-Ost
- Direkt mit der A 2 verbunden
- Bahnhof Wolfsburg und Braunschweig in ca. 30 Fahrminuten
- Flughafen Hannover in ca. 40 Fahrminuten";Gut;"- Distanz zum ÖPNV: 400 Meter
- Bahnhof Wolfsburg und Braunschweig in ca. 30 Fahrminuten";;Nein, kein akutes Rechts- und/oder Reputationsrisiko bekannt bzw. keine negativen finanziellen Auswirkungen zu erwarten;Gut eingeführte Bestandsimmobilie.;;Keine Auffälligkeiten;Sponsor mit langjähriger Erfahrung in Immobilieninvestments.;;29.83050326484067185715;43.11242949438207390580;50.00000000000000000000;43.65886120441806919363;0.03893094110175986686;30.00000000000000000000;30.00000000000000000000;0.00000000000000000000;30.00000000000000000000;30.00000000000000000000;0.00000000000000000000;30.00000000000000000000;1.00000000000000000000;30.00000000000000000000;30.00000000000000000000;;;30.00000000000000000000;;;0.69221439747403368374;11.52555610192199777559;10.00000000000000000000;-10.00000000000000000000;11.52555610192199777559;10.53040064189670000000;8.20686899348540000000;27.86313043330380000000;1.87949218951652000000;9.97087471013538000000;10.70256964347080000000;19.12301344358310388463;0.00000000000000000000;11.94110602853979884764;0.00000000000000000000;11.94110602853979884764;8.79796921405254800000;7.78705307646244000000;9.67214266407603000000;6.53074595557859000000;8.96898352147608000000;11.03092085266960000000;15.08424284302704969529;13.72240308823890000000;18.85505492071380000000;23.26851232077950000000;15.02114405971210000000;10.01637867351660000000;9.62196399556342000000;
21497;WestInvest InterSelect;Immobilien;004000_S0001170;Anlassbezogenes Re-Scoring;20;21;B;C;C;C;A;A;;08/28/2025 13:53:14;07/18/2025 00:00:00;;030001_888;9, Avenue Percier / 26 Rue de la Baume;Avenue Percier 9;75008;Paris;FRA;;1929;;Keine Mischnutzung (nur eine Nutzungsart);;OFF;6120.00;m²;True;Mietfläche gem. Objectfactsheet;False;;;;;;;;;Ja, und die Immobilie ist nicht Taxonomie-konform;;"Gemäß Taxonomieprüfung in RTM (21497; 030001_888)";;;POINT (2.31392476843377 48.8746364818089);;geringes Risiko;mittel;;30.00000000000000000000;keine Informationen verfügbar;mittel;;;keine Informationen verfügbar;mittel;;;keine Informationen verfügbar;mittel;;;keine Informationen verfügbar;mittel;;;keine Informationen verfügbar;mittel;;;keine Informationen verfügbar;mittel;;;keine Informationen verfügbar;-1;mittel;;;keine Informationen verfügbar;-1;mittel;;;keine Informationen verfügbar;-1;mittel;;;geringes Risiko;2030;mittel;;30.00000000000000000000;keine Informationen verfügbar;-1;mittel;;;geringes Risiko;2030;mittel;;30.00000000000000000000;mittleres Risiko;2030;mittel;;50.00000000000000000000;geringes Risiko;2100;mittel;;30.00000000000000000000;"mit AMI zu klären:
- welche Prognosejahre?
- Tornado = Wirbelsturm?
- Bewertung in 5-stufen-Logik?";Keine Informationen verfügbar;Keine Information verfügbar;;;;;;;;;;;;;False;;;4.9000;125.6000;Endenergieverbrauch;;Objectfactsheet;Zu klären ob Primärenergieverbrauch oder Endenergieverbrauch.;;;;;;;;;;;;;;;;;;;;;;;Ähnlich zu vergleichbaren Gebäuden;---;;Nein, keine konkreten Ziele und Maßnahmen und/oder regulatorische Vorgaben werden (vsl.) nicht eingehalten;Keine Informationen verfügbar;;Gut;"Attraktive Lage im 8. Arrondissement von Paris
Bevorzugte Lage im Pariser CBD
Stichtag: 31.12.2024
Grundstücksgröße in m²
Metrolinie 9 direkt vor dem Haus
Gute Erreichbarkeit aller Pariser Bahnhöfe
Reichhaltiges Gastronomie Angebot in unmittelbarer Nähe
Vielfältige Einkaufsmöglichkeiten in der Umgebung";Gut;"- Metrolinie 9 direkt vor dem Haus
- Distanz zum ÖPNV: 400 Meter";;Nein, kein akutes Rechts- und/oder Reputationsrisiko bekannt bzw. keine negativen finanziellen Auswirkungen zu erwarten;Gut eingeführte Bestandsimmobilie.;;Keine Auffälligkeiten;Sponsor mit langjähriger Erfahrung in Immobilieninvestments.;;29.83050326484067185715;43.11242949438207390580;50.00000000000000000000;43.65886120441806919363;0.01116796472966955963;56.40229561316386349483;50.00000000000000000000;0.00000000000000000000;50.00000000000000000000;59.14613659023409070690;20.00000000000000000000;39.14613659023409070690;1.00000000000000000000;39.14613659023409070690;50.00000000000000000000;;;;50.00000000000000000000;13.82045530078030235635;0.69221439747403368374;0.00000000000000000000;-10.00000000000000000000;-10.00000000000000000000;17.07252192725899824562;16.72573789711290000000;19.29503181111760000000;36.86867314430930000000;4.23741025999963000000;11.69514503249170000000;13.61313341893260000000;19.12301344358310388463;0.00000000000000000000;19.56750131717698329575;0.00000000000000000000;19.56750131717698329575;16.44281717993530200000;17.03476657887050000000;8.79554292924931000000;16.45147485552440000000;14.25055258273050000000;25.68174895330180000000;22.69218545441866459151;26.84547325029720000000;21.58954215940340000000;29.57061674350350000000;22.25609375883730000000;18.27115206124270000000;17.62023475377250000000;
21497;WestInvest InterSelect;Immobilien;004000_S0001170;Anlassbezogenes Re-Scoring;20;21;B;C;C;C;A;A;;08/28/2025 13:53:14;07/18/2025 00:00:00;;020005_585;InterContinental Hotel;Ulica Emilii Plater 49;00-125;Warschau;POL;;2003;;Keine Mischnutzung (nur eine Nutzungsart);;HOT;45864.00;m²;True;Mietfläche gem. Objektfactsheet ;True;Stichtag des Objectfactsheets ist der 31.12.2024. Daher wird hier vereinfacht eine 1-jahres Gültigkeit ab Stichtag angenommen.;BREEAM;Very Good;12/31/2024 00:00:00;12/31/2025 00:00:00;;;;Ja, und die Immobilie ist nicht Taxonomie-konform;;"Gemäß Taxonomieprüfung in RTM (21497; 020005_585)";;;POINT (21.0025761615402 52.2324032588067);;geringes Risiko;mittel;;30.00000000000000000000;keine Informationen verfügbar;mittel;;;keine Informationen verfügbar;mittel;;;keine Informationen verfügbar;mittel;;;keine Informationen verfügbar;mittel;;;keine Informationen verfügbar;mittel;;;keine Informationen verfügbar;mittel;;;keine Informationen verfügbar;-1;mittel;;;keine Informationen verfügbar;-1;mittel;;;keine Informationen verfügbar;-1;mittel;;;geringes Risiko;2030;mittel;;30.00000000000000000000;keine Informationen verfügbar;-1;mittel;;;geringes Risiko;2030;mittel;;30.00000000000000000000;geringes Risiko;2030;mittel;;30.00000000000000000000;geringes Risiko;2100;mittel;;30.00000000000000000000;"mit AMI zu klären:
- welche Prognosejahre?
- Tornado = Wirbelsturm?
- Bewertung in 5-stufen-Logik?";Keine Informationen verfügbar;Keine Informationen verfügbar;;;;;;;;;;;;;False;;;;;;;;;;;;;;;;;;;;;;;;;;;;;;;;;;Keine Informationen verfügbar;Keine Informationen verfügbar;;Gut;"- Ausgezeichnete Lage im Businesszentrum
- Unmittelbare Nähe zum ""Kulturpalast""
- Modernes Einkaufszentrum in direkter Nachbarschaft
- Flughafen in ca. 20 Fahrminuten
- Hauptbahnhof fußläufig erreichbar
- Altstadt in ca. 30 Gehminuten
";Gut;"- Hauptbahnhof fußläufig erreichbar
- Distanz zum ÖPNV: 50 Meter";;Nein, kein akutes Rechts- und/oder Reputationsrisiko bekannt bzw. keine negativen finanziellen Auswirkungen zu erwarten;Gut eingeführte Bestandsimmobilie.;;Keine Auffälligkeiten;Sponsor mit langjähriger Erfahrung in Immobilieninvestments.;;29.83050326484067185715;43.11242949438207390580;50.00000000000000000000;43.65886120441806919363;0.08369404156234717041;44.00000000000000000000;30.00000000000000000000;0.00000000000000000000;30.00000000000000000000;50.00000000000000000000;0.00000000000000000000;50.00000000000000000000;1.00000000000000000000;50.00000000000000000000;50.00000000000000000000;;;50.00000000000000000000;;;0.69221439747403368374;0.51274227482680236423;-10.00000000000000000000;-10.00000000000000000000;20.51274227482680236423;12.00737958197350000000;34.64813757558240000000;32.38649302038440000000;7.63254236090732000000;19.24994777430850000000;17.15195333629700000000;19.12301344358310388463;0.00000000000000000000;34.02629540091682746322;0.00000000000000000000;34.02629540091682746322;32.82632241280506000000;41.87487639039280000000;32.00696922095200000000;34.59676967409320000000;26.04720385901300000000;29.60579291957430000000;35.22626838902859492644;44.52389383018160000000;41.57586186301040000000;25.84291971247510000000;32.49282670937090000000;35.98777761812300000000;30.93433060185600000000;
21497;WestInvest InterSelect;Immobilien;004000_S0001170;Anlassbezogenes Re-Scoring;20;21;B;C;C;C;A;A;;08/28/2025 13:53:14;07/18/2025 00:00:00;;020006_628;Ekonomiczna 20;Ekonomiczna 20;43-150;Bierun;POL;;2014;;Keine Mischnutzung (nur eine Nutzungsart);;DWW;56070.00;m²;True;Mietfläche gem. Objektfactsheet ;False;;;;;;;;;Ja, und die Immobilie ist nicht Taxonomie-konform;;"Gemäß Taxonomieprüfung in RTM (21497; 020006_628)";;;POINT (19.1074147263982 50.1038509267259);;geringes Risiko;mittel;;30.00000000000000000000;keine Informationen verfügbar;mittel;;;keine Informationen verfügbar;mittel;;;keine Informationen verfügbar;mittel;;;keine Informationen verfügbar;mittel;;;keine Informationen verfügbar;mittel;;;keine Informationen verfügbar;mittel;;;keine Informationen verfügbar;-1;mittel;;;keine Informationen verfügbar;-1;mittel;;;keine Informationen verfügbar;-1;mittel;;;geringes Risiko;2030;mittel;;30.00000000000000000000;keine Informationen verfügbar;-1;mittel;;;mittleres Risiko;2030;mittel;;50.00000000000000000000;hohes Risiko;2030;mittel;;70.00000000000000000000;geringes Risiko;2100;mittel;;30.00000000000000000000;"mit AMI zu klären:
- welche Prognosejahre?
- Tornado = Wirbelsturm?
- Bewertung in 5-stufen-Logik?";Keine Informationen verfügbar;Keine Informationen verfügbar;;;;;;;;;;;;;False;;;;;;;;;;;;;;;;;;;;;;;;;;;;;;;Ähnlich zu vergleichbaren Gebäuden;Keine Informationen verfügbar;;Keine Informationen verfügbar;Keine Informationen verfügbar;;Gut;"- Lage an der N 44 die über Gliwice und Krakau führt
- Immobilie liegt am Schnittpunkt überregionaler Verkehrswege
- Gute Anbindung nach Tschechien, Slowakei, Deutschland
- Unmittelbare Nähe zur Autobahn A4 und Schnellstrasse S1
- Flughafen Kattowitz in ca. 20 Fahrminuten
- Flughafen Krakau in ca. 50 Fahrminuten
- Direkte Anbindung an ÖPNV
";Gut;"- Direkte Anbindung an ÖPNV
- Distanz zum ÖPNV: 600 Meter";;Nein, kein akutes Rechts- und/oder Reputationsrisiko bekannt bzw. keine negativen finanziellen Auswirkungen zu erwarten;Gut eingeführte Bestandsimmobilie.;;Keine Auffälligkeiten;Sponsor mit langjähriger Erfahrung in Immobilieninvestments.;;29.83050326484067185715;43.11242949438207390580;50.00000000000000000000;43.65886120441806919363;0.10231826509682552427;56.00000000000000000000;70.00000000000000000000;0.00000000000000000000;70.00000000000000000000;50.00000000000000000000;0.00000000000000000000;50.00000000000000000000;1.00000000000000000000;50.00000000000000000000;50.00000000000000000000;;;;50.00000000000000000000;;0.69221439747403368374;0.51274227482680236423;-10.00000000000000000000;-10.00000000000000000000;20.51274227482680236423;12.00737958197350000000;34.64813757558240000000;32.38649302038440000000;7.63254236090732000000;19.24994777430850000000;17.15195333629700000000;19.12301344358310388463;0.00000000000000000000;34.02629540091682746322;0.00000000000000000000;34.02629540091682746322;32.82632241280506000000;41.87487639039280000000;32.00696922095200000000;34.59676967409320000000;26.04720385901300000000;29.60579291957430000000;35.22626838902859492644;44.52389383018160000000;41.57586186301040000000;25.84291971247510000000;32.49282670937090000000;35.98777761812300000000;30.93433060185600000000;
21497;WestInvest InterSelect;Immobilien;004000_S0001170;Anlassbezogenes Re-Scoring;20;21;B;C;C;C;A;A;;08/28/2025 13:53:14;07/18/2025 00:00:00;;020006_629;Turynska 80;Turynska 80;43-109;Tychy;POL;;2006;;Keine Mischnutzung (nur eine Nutzungsart);;DWW;96978.00;m²;True;"Mehrere Nutzungsarten: Logistik 78,65%; Büro: 20,33%
Da ESG-Daten aggregiert vorliegen, wird sich auf eine Nutzungsart beschränkt.";True;"Stichtag des Objectfactsheets ist der 31.12.2024. Daher wird hier vereinfacht eine 1-jahres Gültigkeit ab Stichtag angenommen.
Verwendet: BREEAM In-Use: good, Betrieb
Ebenso vorhanden: BREEAM In-Use: very good, Gebäude";BREEAM;Good;12/31/2024 00:00:00;12/31/2025 00:00:00;;;;Ja, und die Immobilie ist nicht Taxonomie-konform;;"Gemäß Taxonomieprüfung in RTM (21497; 020006_629)";;;POINT (19.0621059237401 50.106732376733);;geringes Risiko;mittel;;30.00000000000000000000;keine Informationen verfügbar;mittel;;;keine Informationen verfügbar;mittel;;;keine Informationen verfügbar;mittel;;;keine Informationen verfügbar;mittel;;;keine Informationen verfügbar;mittel;;;keine Informationen verfügbar;mittel;;;keine Informationen verfügbar;-1;mittel;;;keine Informationen verfügbar;-1;mittel;;;keine Informationen verfügbar;-1;mittel;;;geringes Risiko;2030;mittel;;30.00000000000000000000;keine Informationen verfügbar;-1;mittel;;;mittleres Risiko;2030;mittel;;50.00000000000000000000;geringes Risiko;2030;mittel;;30.00000000000000000000;geringes Risiko;2100;mittel;;30.00000000000000000000;"mit AMI zu klären:
- welche Prognosejahre?
- Tornado = Wirbelsturm?
- Bewertung in 5-stufen-Logik?";Keine Informationen verfügbar;Keine Informationen verfügbar;;;;;;;;;;;;;False;;;50.3000;85.3000;Endenergieverbrauch;;Objectfactsheet;;;;;;;;;;;;;;;;;;;;;;;;;;;Keine Informationen verfügbar;Keine Informationen verfügbar;;Gut;"- Lage an der N 44 die über Gliwice und Krakau führt
- Immobilie liegt am Schnittpunkt überregionaler Verkehrswege
- Gute Anbindung nach Tschechien, Slowakei, Deutschland
- Unmittelbare Nähe zur Autobahn A4 und Schnellstrasse S1
- Flughafen Kattowitz in ca. 20 Fahrminuten
 Flughafen Krakau in ca. 50 Fahrminuten
- Direkte Anbindung an ÖPNV";Gut;"- Direkte Anbindung an ÖPNV
- Distanz zum ÖPNV: 270 Meter";;Nein, kein akutes Rechts- und/oder Reputationsrisiko bekannt bzw. keine negativen finanziellen Auswirkungen zu erwarten;Gut eingeführte Bestandsimmobilie.;;Keine Auffälligkeiten;Sponsor mit langjähriger Erfahrung in Immobilieninvestments.;;29.83050326484067185715;43.11242949438207390580;50.00000000000000000000;43.65886120441806919363;0.17696844502514616895;56.11902814309806423970;50.00000000000000000000;0.00000000000000000000;50.00000000000000000000;58.74146877585437748529;0.00000000000000000000;58.74146877585437748529;1.00000000000000000000;58.74146877585437748529;50.00000000000000000000;;;50.00000000000000000000;;79.13822925284792495097;0.69221439747403368374;0.51274227482680236423;-10.00000000000000000000;-10.00000000000000000000;20.51274227482680236423;12.00737958197350000000;34.64813757558240000000;32.38649302038440000000;7.63254236090732000000;19.24994777430850000000;17.15195333629700000000;19.12301344358310388463;0.00000000000000000000;34.02629540091682746322;0.00000000000000000000;34.02629540091682746322;32.82632241280506000000;41.87487639039280000000;32.00696922095200000000;34.59676967409320000000;26.04720385901300000000;29.60579291957430000000;35.22626838902859492644;44.52389383018160000000;41.57586186301040000000;25.84291971247510000000;32.49282670937090000000;35.98777761812300000000;30.93433060185600000000;
21497;WestInvest InterSelect;Immobilien;004000_S0001170;Anlassbezogenes Re-Scoring;20;21;B;C;C;C;A;A;;08/28/2025 13:53:14;07/18/2025 00:00:00;;030001_926;World Trade Center Dresden;Ammonstraße 72;01067;Dresden;DEU;;1996;;Keine Mischnutzung (nur eine Nutzungsart);"Mehrere Nutzungsarten: Büro: 58,54%; Handel/Gastronomie: 14,29%; Hotel: 13,9%; etc.
Da ESG-Daten aggregiert vorliegen, wird sich auf eine Nutzungsart beschränkt.";OFF;73537.00;m²;True;;True;;DGNB;Platin;12/31/2024 00:00:00;12/31/2025 00:00:00;;;;Ja, und die Immobilie ist nicht Taxonomie-konform;;"Gemäß Taxonomieprüfung in RTM (21497; 030001_926)";;;POINT (13.7213283895374 51.0489873959948);;geringes Risiko;mittel;;30.00000000000000000000;keine Informationen verfügbar;mittel;;;keine Informationen verfügbar;mittel;;;keine Informationen verfügbar;mittel;;;keine Informationen verfügbar;mittel;;;keine Informationen verfügbar;mittel;;;keine Informationen verfügbar;mittel;;;keine Informationen verfügbar;-1;mittel;;;keine Informationen verfügbar;-1;mittel;;;keine Informationen verfügbar;-1;mittel;;;geringes Risiko;2030;mittel;;30.00000000000000000000;keine Informationen verfügbar;-1;mittel;;;mittleres Risiko;2030;mittel;;50.00000000000000000000;geringes Risiko;2030;mittel;;30.00000000000000000000;geringes Risiko;2100;mittel;;30.00000000000000000000;"mit AMI zu klären:
- welche Prognosejahre?
- Tornado = Wirbelsturm?
- Bewertung in 5-stufen-Logik?";Keine Informationen verfügbar;Keine Informationen verfügbar;;;;;;;;;;;;;False;;;22.0000;77.7000;Endenergieverbrauch;;Objectfactsheet;;;;;;;;;;;;;;;;;;;;;;;;;;;Keine Informationen verfügbar;Keine Informationen verfügbar;;Gut;"- Sehr gute ÖPNV-Anbindung zur Innenstadt und Bahnhof
- Gastronomie und Hotel im Gesamtkomplex vertreten
- 5 Minuten Fahrzeit zum Hauptbahnhof, mehrere Linien verfügbar
- Nahvesorger ""Netto""
- Gastronomisches Angebot im Atrium und im Hotel
- Die nächstgelegene Autobahn liegt von 20 Minuten entfernt
- Der Flughafen ist innerhalb von 30 Minuten erreichbar";Gut;"- Sehr gute ÖPNV-Anbindung zur Innenstadt und Bahnhof
- 5 Minuten Fahrzeit zum Hauptbahnhof, mehrere Linien verfügbar
- Distanz zum ÖPNV: 110 Meter";;Nein, kein akutes Rechts- und/oder Reputationsrisiko bekannt bzw. keine negativen finanziellen Auswirkungen zu erwarten;Gut eingeführte Bestandsimmobilie.;;Keine Auffälligkeiten;Sponsor mit langjähriger Erfahrung in Immobilieninvestments.;;29.83050326484067185715;43.11242949438207390580;50.00000000000000000000;43.65886120441806919363;0.13419258534733830173;26.14891479644939126806;50.00000000000000000000;0.00000000000000000000;50.00000000000000000000;15.92702113778484466866;0.00000000000000000000;15.92702113778484466866;1.00000000000000000000;15.92702113778484466866;10.00000000000000000000;;;10.00000000000000000000;;29.75673712594948222887;0.69221439747403368374;0.00000000000000000000;-10.00000000000000000000;-10.00000000000000000000;11.52555610192199777559;10.53040064189670000000;8.20686899348540000000;27.86313043330380000000;1.87949218951652000000;9.97087471013538000000;10.70256964347080000000;19.12301344358310388463;0.00000000000000000000;11.94110602853979884764;0.00000000000000000000;11.94110602853979884764;8.79796921405254800000;7.78705307646244000000;9.67214266407603000000;6.53074595557859000000;8.96898352147608000000;11.03092085266960000000;15.08424284302704969529;13.72240308823890000000;18.85505492071380000000;23.26851232077950000000;15.02114405971210000000;10.01637867351660000000;9.62196399556342000000;
21497;WestInvest InterSelect;Immobilien;004000_S0001170;Anlassbezogenes Re-Scoring;20;21;B;C;C;C;A;A;;08/28/2025 13:53:14;07/18/2025 00:00:00;;020006_632;DSV Portfolio, Bochum;Obere Stahlindustrie 6;44793;Bochum;DEU;;2017;;Keine Mischnutzung (nur eine Nutzungsart);;DWW;40392.00;m²;True;Mietfläche gem. Objektfactsheet ;True;Stichtag des Objectfactsheets ist der 31.12.2024. Daher wird hier vereinfacht eine 1-jahres Gültigkeit ab Stichtag angenommen.;DGNB;Gold;12/31/2024 00:00:00;12/31/2025 00:00:00;;;;Ja, und die Immobilie ist nicht Taxonomie-konform;;"Gemäß Taxonomieprüfung in RTM (21497; 020006_632)";;;POINT (7.19854323010109 51.4743681045636);;geringes Risiko;mittel;;30.00000000000000000000;keine Informationen verfügbar;mittel;;;keine Informationen verfügbar;mittel;;;keine Informationen verfügbar;mittel;;;keine Informationen verfügbar;mittel;;;keine Informationen verfügbar;mittel;;;keine Informationen verfügbar;mittel;;;keine Informationen verfügbar;-1;mittel;;;keine Informationen verfügbar;-1;mittel;;;keine Informationen verfügbar;-1;mittel;;;geringes Risiko;2030;mittel;;30.00000000000000000000;keine Informationen verfügbar;-1;mittel;;;geringes Risiko;2030;mittel;;30.00000000000000000000;geringes Risiko;2030;mittel;;30.00000000000000000000;geringes Risiko;2100;mittel;;30.00000000000000000000;"mit AMI zu klären:
- welche Prognosejahre?
- Tornado = Wirbelsturm?
- Bewertung in 5-stufen-Logik?";Keine Informationen verfügbar;Keine Informationen verfügbar;;;;;;;;;;;;;False;;;;;;;;;;;;;;;;;;;;;;;;;;;;;;;;;;Keine Informationen verfügbar;Keine Informationen verfügbar;;Gut;"- Verkehrsgünstige Lage im Ruhrgebiet ""Bochum-Stahlhausen""
- Gute Anbindung an das Autobahnnetz
- Einkaufsmöglichkeiten in der Nachbarschaft
- Die Stadtbahnhaltestelle ist in 10 Gehminuten zu erreichen
- A448-Anschluss in ca. 3 Fahrminuten
- A40 u A43 sind über A448 in 4 - 10 Fahrminuten zu erreichen
- A1 u. A3 in 25 und A2 in 35 Fahrminuten-
- Flughafen Dortmund in ca. 30 Km Entfernung
- Bahnhof Bochum in ca. 2 Km Entfernung";Gut;"- Die Stadtbahnhaltestelle ist in 10 Gehminuten zu erreichen
- Bahnhof Bochum in ca. 2 Km Entfernung
- Distanz zum ÖPNV: 1000 Meter";;Nein, kein akutes Rechts- und/oder Reputationsrisiko bekannt bzw. keine negativen finanziellen Auswirkungen zu erwarten;Gut eingeführte Bestandsimmobilie.;;Keine Auffälligkeiten;Sponsor mit langjähriger Erfahrung in Immobilieninvestments.;;29.83050326484067185715;43.11242949438207390580;50.00000000000000000000;43.65886120441806919363;0.07370856721581909357;30.00000000000000000000;30.00000000000000000000;0.00000000000000000000;30.00000000000000000000;30.00000000000000000000;0.00000000000000000000;30.00000000000000000000;1.00000000000000000000;30.00000000000000000000;30.00000000000000000000;;;30.00000000000000000000;;;0.69221439747403368374;0.00000000000000000000;-10.00000000000000000000;-10.00000000000000000000;11.52555610192199777559;10.53040064189670000000;8.20686899348540000000;27.86313043330380000000;1.87949218951652000000;9.97087471013538000000;10.70256964347080000000;19.12301344358310388463;0.00000000000000000000;11.94110602853979884764;0.00000000000000000000;11.94110602853979884764;8.79796921405254800000;7.78705307646244000000;9.67214266407603000000;6.53074595557859000000;8.96898352147608000000;11.03092085266960000000;15.08424284302704969529;13.72240308823890000000;18.85505492071380000000;23.26851232077950000000;15.02114405971210000000;10.01637867351660000000;9.62196399556342000000;
21497;WestInvest InterSelect;Immobilien;004000_S0001170;Anlassbezogenes Re-Scoring;20;21;B;C;C;C;A;A;;08/28/2025 13:53:14;07/18/2025 00:00:00;;020006_631;DSV Portfolio, Homburg;Am Zunderbaum 20;66424;Homburg;DEU;;2016;;Keine Mischnutzung (nur eine Nutzungsart);;DWW;22987.00;m²;True;"Mietfläche gem. Objektfactsheet 
Mehrere Nutzungsarten: Lager/Logistik 87,90%; Büro: 12,10%
Da ESG-Daten aggregiert vorliegen, wird sich auf eine Nutzungsart beschränkt.";True;;DGNB;Gold;12/31/2024 00:00:00;12/31/2025 00:00:00;;;;Ja, und die Immobilie ist nicht Taxonomie-konform;;"Gemäß Taxonomieprüfung in RTM (21497; 020006_631)";;;POINT (7.30556302721805 49.3322639031546);;geringes Risiko;mittel;;30.00000000000000000000;keine Informationen verfügbar;mittel;;;keine Informationen verfügbar;mittel;;;keine Informationen verfügbar;mittel;;;keine Informationen verfügbar;mittel;;;keine Informationen verfügbar;mittel;;;keine Informationen verfügbar;mittel;;;keine Informationen verfügbar;-1;mittel;;;keine Informationen verfügbar;-1;mittel;;;keine Informationen verfügbar;-1;mittel;;;geringes Risiko;2030;mittel;;30.00000000000000000000;keine Informationen verfügbar;-1;mittel;;;geringes Risiko;2030;mittel;;30.00000000000000000000;geringes Risiko;2030;mittel;;30.00000000000000000000;geringes Risiko;2100;mittel;;30.00000000000000000000;"mit AMI zu klären:
- welche Prognosejahre?
- Tornado = Wirbelsturm?
- Bewertung in 5-stufen-Logik?";Keine Informationen verfügbar;Keine Informationen Verfügbar;;;;;;;;;;;;;False;;;;;;;;;;;;;;;;;;;;;;;;;;;;;;;;;;Keine Informationen verfügbar;Keine Informationen verfügbar;;Gut;"- Verkehrsgünstige Lage im Industriegebiet ""Am Zunderbaum""
- A6 und A8 in unmittelbarer Nähe
- Homburg Stadtmitte in 5 Fahrminuten
- Saarbrücken und die franz. Grenze in ca. 30 Fahrminuten";Gut;Distanz zum ÖPNV: 500 Meter;;Nein, kein akutes Rechts- und/oder Reputationsrisiko bekannt bzw. keine negativen finanziellen Auswirkungen zu erwarten;Gut eingeführte Bestandsimmobilie.;;Keine Auffälligkeiten;Sponsor mit langjähriger Erfahrung in Immobilieninvestments.;;29.83050326484067185715;43.11242949438207390580;50.00000000000000000000;43.65886120441806919363;0.04194738647727355674;30.00000000000000000000;30.00000000000000000000;0.00000000000000000000;30.00000000000000000000;30.00000000000000000000;0.00000000000000000000;30.00000000000000000000;1.00000000000000000000;30.00000000000000000000;30.00000000000000000000;;;30.00000000000000000000;;;0.69221439747403368374;0.00000000000000000000;-10.00000000000000000000;-10.00000000000000000000;11.52555610192199777559;10.53040064189670000000;8.20686899348540000000;27.86313043330380000000;1.87949218951652000000;9.97087471013538000000;10.70256964347080000000;19.12301344358310388463;0.00000000000000000000;11.94110602853979884764;0.00000000000000000000;11.94110602853979884764;8.79796921405254800000;7.78705307646244000000;9.67214266407603000000;6.53074595557859000000;8.96898352147608000000;11.03092085266960000000;15.08424284302704969529;13.72240308823890000000;18.85505492071380000000;23.26851232077950000000;15.02114405971210000000;10.01637867351660000000;9.62196399556342000000;
