customer_field;biqh_import_field;description;biqh_column_data_type;biqh_table_schema;biqh_parent_table_name;biqh_parent_column_name;biqh_relation_table_name;biqh_relation_column_name;biqh_relation_column_value;biqh_relation_column_data_type;biqh_link_table_name;remarks
Date;Date;;date;dbo;Curve;Date;;;;;Listing;
Ticker;BloombergTicker;;nvarchar(50);dbo;Listing;BloombergTicker;;;;;Instrument;
Name;InstrumentName;;nvarchar(255);dbo;Instrument;Name;;;;;;
ISIN;Isin;;nvarchar(12);dbo;Instrument;Isin;;;;;;
RedCode;RedCode;;nvarchar(50);dbo;Instrument;SecurityId;;;;;;
Tier;SeniorityCode;;nvarchar(6);dbo;Seniority;Code;Instrument;SeniorityId;;int;;
Currency;CurrencyCode;;nvarchar(3);dbo;Currency;Code;Curve;CurrencyId;;int;Listing;
DocClause;DocumentationClause;;nvarchar(4);dbo;Curve;DocumentationClause;;;;;Listing;
RunningCoupon;RunningCoupon;;decimal(38.15);dbo;Curve;RunningCoupon;;;;;Listing;
PrimaryCoupon;IsPrimaryCoupon;;boolean;dbo;Curve;IsPrimaryCoupon;;;;;Listing;
Region;RegionName;;nvarchar(50);dbo;Region;Name;;;;;Country;
Country;CountryName;;nvarchar(50);dbo;Country;Name;Instrument;DomicileCountryId;;int;;
MarkitSector;SectorName;;nvarchar(50);dbo;Classification;Name;ClassificationType;Name;Sector;nvarchar(6);InstrumentClassification;
IdxMember;Constituent;;nvarchar(20);dbo;Instrument;ConstituentNote;;;;;;
AvRating;RatingValue;;nvarchar(10);dbo;Rating;Value;RatingType;Name;AverageRating;nvarchar(50);InstrumentRating;
ImpliedRating;ImpliedRating;;nvarchar(10);dbo;Rating;Value;RatingType;Name;ImpliedRating;nvarchar(50);InstrumentRating;
PrimaryPriceType;PrimaryPriceType;;nvarchar(20);dbo;Curve;PrimaryPriceType;;;;;Listing;
Range;LiquidityRange;;nvarchar(50);dbo;Curve;LiquidityRange;;;;;Listing;
EODUpf6MMid;UpfrontValueMid6m;;decimal(38.15);dbo;Curve;UpfrontValueMid;Tenor;Code;6M;nvarchar(50);Listing;
Upfront6MBASpread;UpfrontBidAskSpread6m;;decimal(38.15);dbo;Curve;UpfrontBidAskSpread;Tenor;Code;6M;nvarchar(50);Listing;
Upf6mBA1WMA;UpfrontBidAskSpread6m1w;;decimal(38.15);dbo;QualityMonitor;UpfrontBidAskSpread;QualityMonitorType;Code;MA;nvarchar(50);CurveQualityMonitor;
Upf6mBA1MMA;UpfrontBidAskSpread6m1m;;decimal(38.15);dbo;QualityMonitor;UpfrontBidAskSpread;QualityMonitorType;Code;MA;nvarchar(50);CurveQualityMonitor;
Upf6mBA2MMA;UpfrontBidAskSpread6m2m;;decimal(38.15);dbo;QualityMonitor;UpfrontBidAskSpread;QualityMonitorType;Code;MA;nvarchar(50);CurveQualityMonitor;
EODConv6MMid;ConventionalSpreadMid6m;;decimal(38.15);dbo;Curve;ConventionalSpreadMid;Tenor;Code;6M;nvarchar(50);Listing;
Conv6MBASpread;ConventionalBidAskSpread6m;;decimal(38.15);dbo;Curve;ConventionalBidAskSpread;Tenor;Code;6M;nvarchar(50);Listing;
Conv6mBA1WMA;ConventionalBidAskSpread6m1w;;decimal(38.15);dbo;QualityMonitor;ConventionalBidAskSpread;QualityMonitorType;Code;MA;nvarchar(50);CurveQualityMonitor;
Conv6mBA1MMA;ConventionalBidAskSpread6m1m;;decimal(38.15);dbo;QualityMonitor;ConventionalBidAskSpread;QualityMonitorType;Code;MA;nvarchar(50);CurveQualityMonitor;
Conv6mBA2MMA;ConventionalBidAskSpread6m2m;;decimal(38.15);dbo;QualityMonitor;ConventionalBidAskSpread;QualityMonitorType;Code;MA;nvarchar(50);CurveQualityMonitor;
6mUniquePP;UniquePricePoint6m;;int;dbo;Curve;UniquePricePoint;Tenor;Code;6M;nvarchar(50);Listing;
6mUniquePP1WMA;UniquePricePoint6m1w;;int;dbo;QualityMonitor;UniquePricePoint;QualityMonitorType;Code;MA;nvarchar(50);CurveQualityMonitor;
6mUniquePP1MMA;UniquePricePoint6m1m;;int;dbo;QualityMonitor;UniquePricePoint;QualityMonitorType;Code;MA;nvarchar(50);CurveQualityMonitor;
6mUniquePP2MMA;UniquePricePoint6m2m;;int;dbo;QualityMonitor;UniquePricePoint;QualityMonitorType;Code;MA;nvarchar(50);CurveQualityMonitor;
6mDealersCount;DealerQuoteSizeTenor6m;;int;dbo;Curve;DealerQuoteSizeTenor;Tenor;Code;6M;nvarchar(50);Listing;
DC6m1WMA;DealerQuoteSizeTenor6m1w;;int;dbo;QualityMonitor;DealerQuoteSizeTenor;QualityMonitorType;Code;MA;nvarchar(50);CurveQualityMonitor;
DC6m1MMA;DealerQuoteSizeTenor6m1m;;int;dbo;QualityMonitor;DealerQuoteSizeTenor;QualityMonitorType;Code;MA;nvarchar(50);CurveQualityMonitor;
DC6m2MMA;DealerQuoteSizeTenor6m2m;;int;dbo;QualityMonitor;DealerQuoteSizeTenor;QualityMonitorType;Code;MA;nvarchar(50);CurveQualityMonitor;
6mQuotesCount;QuoteSizeTenor6m;;int;dbo;Curve;QuoteSizeTenor;Tenor;Code;6M;nvarchar(50);Listing;
QC6m1WMA;QuoteSizeTenor6m1w;;int;dbo;QualityMonitor;QuoteSizeTenor;QualityMonitorType;Code;MA;nvarchar(50);CurveQualityMonitor;
QC6m1MMA;QuoteSizeTenor6m1m;;int;dbo;QualityMonitor;QuoteSizeTenor;QualityMonitorType;Code;MA;nvarchar(50);CurveQualityMonitor;
QC6m2MMA;QuoteSizeTenor6m2m;;int;dbo;QualityMonitor;QuoteSizeTenor;QualityMonitorType;Code;MA;nvarchar(50);CurveQualityMonitor;
EODUpf1YMid;UpfrontValueMid1y;;decimal(38.15);dbo;Curve;UpfrontValueMid;Tenor;Code;1Y;nvarchar(50);Listing;
Upf1YBASpread;UpfrontBidAskSpread1y;;decimal(38.15);dbo;Curve;UpfrontBidAskSpread;Tenor;Code;1Y;nvarchar(50);Listing;
Upf1YBA1WMA;UpfrontBidAskSpread1y1w;;decimal(38.15);dbo;QualityMonitor;UpfrontBidAskSpread;QualityMonitorType;Code;MA;nvarchar(50);CurveQualityMonitor;
Upf1YBA1MMA;UpfrontBidAskSpread1y1m;;decimal(38.15);dbo;QualityMonitor;UpfrontBidAskSpread;QualityMonitorType;Code;MA;nvarchar(50);CurveQualityMonitor;
Upf1YBA2MMA;UpfrontBidAskSpread1y2m;;decimal(38.15);dbo;QualityMonitor;UpfrontBidAskSpread;QualityMonitorType;Code;MA;nvarchar(50);CurveQualityMonitor;
EODConv1YMid;ConventionalSpreadMid1y;;decimal(38.15);dbo;Curve;ConventionalSpreadMid;Tenor;Code;1Y;nvarchar(50);Listing;
Conv1YBASpread;ConventionalBidAskSpread1y;;decimal(38.15);dbo;Curve;ConventionalBidAskSpread;Tenor;Code;1Y;nvarchar(50);Listing;
Conv1YBA1WMA;ConventionalBidAskSpread1y1w;;decimal(38.15);dbo;QualityMonitor;ConventionalBidAskSpread;QualityMonitorType;Code;MA;nvarchar(50);CurveQualityMonitor;
Conv1YBA1MMA;ConventionalBidAskSpread1y1m;;decimal(38.15);dbo;QualityMonitor;ConventionalBidAskSpread;QualityMonitorType;Code;MA;nvarchar(50);CurveQualityMonitor;
Conv1YBA2MMA;ConventionalBidAskSpread1y2m;;decimal(38.15);dbo;QualityMonitor;ConventionalBidAskSpread;QualityMonitorType;Code;MA;nvarchar(50);CurveQualityMonitor;
1YUniquePP;UniquePricePoint1y;;int;dbo;Curve;UniquePricePoint;Tenor;Code;1Y;nvarchar(50);Listing;
1YUniquePP1WMA;UniquePricePoint1y1w;;int;dbo;QualityMonitor;UniquePricePoint;QualityMonitorType;Code;MA;nvarchar(50);CurveQualityMonitor;
1YUniquePP1MMA;UniquePricePoint1y1m;;int;dbo;QualityMonitor;UniquePricePoint;QualityMonitorType;Code;MA;nvarchar(50);CurveQualityMonitor;
1YUniquePP2MMA;UniquePricePoint1y2m;;int;dbo;QualityMonitor;UniquePricePoint;QualityMonitorType;Code;MA;nvarchar(50);CurveQualityMonitor;
1YDealersCount;DealerQuoteSizeTenor1y;;int;dbo;Curve;DealerQuoteSizeTenor;Tenor;Code;1Y;nvarchar(50);Listing;
DC1Y1WMA;DealerQuoteSizeTenor1y1w;;int;dbo;QualityMonitor;DealerQuoteSizeTenor;QualityMonitorType;Code;MA;nvarchar(50);CurveQualityMonitor;
DC1Y1MMA;DealerQuoteSizeTenor1y1m;;int;dbo;QualityMonitor;DealerQuoteSizeTenor;QualityMonitorType;Code;MA;nvarchar(50);CurveQualityMonitor;
DC1Y2MMA;DealerQuoteSizeTenor1y2m;;int;dbo;QualityMonitor;DealerQuoteSizeTenor;QualityMonitorType;Code;MA;nvarchar(50);CurveQualityMonitor;
1YQuotesCount;QuoteSizeTenor1y;;int;dbo;Curve;QuoteSizeTenor;Tenor;Code;1Y;nvarchar(50);Listing;
QC1Y1WMA;QuoteSizeTenor1y1w;;int;dbo;QualityMonitor;QuoteSizeTenor;QualityMonitorType;Code;MA;nvarchar(50);CurveQualityMonitor;
QC1Y1MMA;QuoteSizeTenor1y1m;;int;dbo;QualityMonitor;QuoteSizeTenor;QualityMonitorType;Code;MA;nvarchar(50);CurveQualityMonitor;
QC1Y2MMA;QuoteSizeTenor1y2m;;int;dbo;QualityMonitor;QuoteSizeTenor;QualityMonitorType;Code;MA;nvarchar(50);CurveQualityMonitor;
EODUpf2YMid;UpfrontValueMid2y;;decimal(38.15);dbo;Curve;UpfrontValueMid;Tenor;Code;2Y;nvarchar(50);Listing;
Upf2YBASpread;UpfrontBidAskSpread2y;;decimal(38.15);dbo;Curve;UpfrontBidAskSpread;Tenor;Code;2Y;nvarchar(50);Listing;
Upf2YBA1WMA;UpfrontBidAskSpread2y1w;;decimal(38.15);dbo;QualityMonitor;UpfrontBidAskSpread;QualityMonitorType;Code;MA;nvarchar(50);CurveQualityMonitor;
Upf2YBA1MMA;UpfrontBidAskSpread2y1m;;decimal(38.15);dbo;QualityMonitor;UpfrontBidAskSpread;QualityMonitorType;Code;MA;nvarchar(50);CurveQualityMonitor;
Upf2YBA2MMA;UpfrontBidAskSpread2y2m;;decimal(38.15);dbo;QualityMonitor;UpfrontBidAskSpread;QualityMonitorType;Code;MA;nvarchar(50);CurveQualityMonitor;
EODConv2YMid;ConventionalSpreadMid2y;;decimal(38.15);dbo;Curve;ConventionalSpreadMid;Tenor;Code;2Y;nvarchar(50);Listing;
Conv2YBASpread;ConventionalBidAskSpread2y;;decimal(38.15);dbo;Curve;ConventionalBidAskSpread;Tenor;Code;2Y;nvarchar(50);Listing;
Conv2YBA1WMA;ConventionalBidAskSpread2y1w;;decimal(38.15);dbo;QualityMonitor;ConventionalBidAskSpread;QualityMonitorType;Code;MA;nvarchar(50);CurveQualityMonitor;
Conv2YBA1MMA;ConventionalBidAskSpread2y1m;;decimal(38.15);dbo;QualityMonitor;ConventionalBidAskSpread;QualityMonitorType;Code;MA;nvarchar(50);CurveQualityMonitor;
Conv2YBA2MMA;ConventionalBidAskSpread2y2m;;decimal(38.15);dbo;QualityMonitor;ConventionalBidAskSpread;QualityMonitorType;Code;MA;nvarchar(50);CurveQualityMonitor;
2YUniquePP;UniquePricePoint2y;;int;dbo;Curve;UniquePricePoint;Tenor;Code;2Y;nvarchar(50);Listing;
2YUniquePP1WMA;UniquePricePoint2y1w;;int;dbo;QualityMonitor;UniquePricePoint;QualityMonitorType;Code;MA;nvarchar(50);CurveQualityMonitor;
2YUniquePP1MMA;UniquePricePoint2y1m;;int;dbo;QualityMonitor;UniquePricePoint;QualityMonitorType;Code;MA;nvarchar(50);CurveQualityMonitor;
2YUniquePP2MMA;UniquePricePoint2y2m;;int;dbo;QualityMonitor;UniquePricePoint;QualityMonitorType;Code;MA;nvarchar(50);CurveQualityMonitor;
2YDealersCount;DealerQuoteSizeTenor2y;;int;dbo;Curve;DealerQuoteSizeTenor;Tenor;Code;2Y;nvarchar(50);Listing;
DC2Y1WMA;DealerQuoteSizeTenor2y1w;;int;dbo;QualityMonitor;DealerQuoteSizeTenor;QualityMonitorType;Code;MA;nvarchar(50);CurveQualityMonitor;
DC2Y1MMA;DealerQuoteSizeTenor2y1m;;int;dbo;QualityMonitor;DealerQuoteSizeTenor;QualityMonitorType;Code;MA;nvarchar(50);CurveQualityMonitor;
DC2Y2MMA;DealerQuoteSizeTenor2y2m;;int;dbo;QualityMonitor;DealerQuoteSizeTenor;QualityMonitorType;Code;MA;nvarchar(50);CurveQualityMonitor;
2YQuotesCount;QuoteSizeTenor2y;;int;dbo;Curve;QuoteSizeTenor;Tenor;Code;2Y;nvarchar(50);Listing;
QC2Y1WMA;QuoteSizeTenor2y1w;;int;dbo;QualityMonitor;QuoteSizeTenor;QualityMonitorType;Code;MA;nvarchar(50);CurveQualityMonitor;
QC2Y1MMA;QuoteSizeTenor2y1m;;int;dbo;QualityMonitor;QuoteSizeTenor;QualityMonitorType;Code;MA;nvarchar(50);CurveQualityMonitor;
QC2Y2MMA;QuoteSizeTenor2y2m;;int;dbo;QualityMonitor;QuoteSizeTenor;QualityMonitorType;Code;MA;nvarchar(50);CurveQualityMonitor;
EODUpf3YMid;UpfrontValueMid3y;;decimal(38.15);dbo;Curve;UpfrontValueMid;Tenor;Code;3Y;nvarchar(50);Listing;
Upf3YBASpread;UpfrontBidAskSpread3y;;decimal(38.15);dbo;Curve;UpfrontBidAskSpread;Tenor;Code;3Y;nvarchar(50);Listing;
Upf3YBA1WMA;UpfrontBidAskSpread3y1w;;decimal(38.15);dbo;QualityMonitor;UpfrontBidAskSpread;QualityMonitorType;Code;MA;nvarchar(50);CurveQualityMonitor;
Upf3YBA1MMA;UpfrontBidAskSpread3y1m;;decimal(38.15);dbo;QualityMonitor;UpfrontBidAskSpread;QualityMonitorType;Code;MA;nvarchar(50);CurveQualityMonitor;
Upf3YBA2MMA;UpfrontBidAskSpread3y2m;;decimal(38.15);dbo;QualityMonitor;UpfrontBidAskSpread;QualityMonitorType;Code;MA;nvarchar(50);CurveQualityMonitor;
EODConv3YMid;ConventionalSpreadMid3y;;decimal(38.15);dbo;Curve;ConventionalSpreadMid;Tenor;Code;3Y;nvarchar(50);Listing;
Conv3YBASpread;ConventionalBidAskSpread3y;;decimal(38.15);dbo;Curve;ConventionalBidAskSpread;Tenor;Code;3Y;nvarchar(50);Listing;
Conv3YBA1WMA;ConventionalBidAskSpread3y1w;;decimal(38.15);dbo;QualityMonitor;ConventionalBidAskSpread;QualityMonitorType;Code;MA;nvarchar(50);CurveQualityMonitor;
Conv3YBA1MMA;ConventionalBidAskSpread3y1m;;decimal(38.15);dbo;QualityMonitor;ConventionalBidAskSpread;QualityMonitorType;Code;MA;nvarchar(50);CurveQualityMonitor;
Conv3YBA2MMA;ConventionalBidAskSpread3y2m;;decimal(38.15);dbo;QualityMonitor;ConventionalBidAskSpread;QualityMonitorType;Code;MA;nvarchar(50);CurveQualityMonitor;
3YUniquePP;UniquePricePoint3y;;int;dbo;Curve;UniquePricePoint;Tenor;Code;3Y;nvarchar(50);Listing;
3YUniquePP1WMA;UniquePricePoint3y1w;;int;dbo;QualityMonitor;UniquePricePoint;QualityMonitorType;Code;MA;nvarchar(50);CurveQualityMonitor;
3YUniquePP1MMA;UniquePricePoint3y1m;;int;dbo;QualityMonitor;UniquePricePoint;QualityMonitorType;Code;MA;nvarchar(50);CurveQualityMonitor;
3YUniquePP2MMA;UniquePricePoint3y2m;;int;dbo;QualityMonitor;UniquePricePoint;QualityMonitorType;Code;MA;nvarchar(50);CurveQualityMonitor;
3YDealersCount;DealerQuoteSizeTenor3y;;int;dbo;Curve;DealerQuoteSizeTenor;Tenor;Code;3Y;nvarchar(50);Listing;
DC3Y1WMA;DealerQuoteSizeTenor3y1w;;int;dbo;QualityMonitor;DealerQuoteSizeTenor;QualityMonitorType;Code;MA;nvarchar(50);CurveQualityMonitor;
DC3Y1MMA;DealerQuoteSizeTenor3y1m;;int;dbo;QualityMonitor;DealerQuoteSizeTenor;QualityMonitorType;Code;MA;nvarchar(50);CurveQualityMonitor;
DC3Y2MMA;DealerQuoteSizeTenor3y2m;;int;dbo;QualityMonitor;DealerQuoteSizeTenor;QualityMonitorType;Code;MA;nvarchar(50);CurveQualityMonitor;
3YQuotesCount;QuoteSizeTenor3y;;int;dbo;Curve;QuoteSizeTenor;Tenor;Code;3Y;nvarchar(50);Listing;
QC3Y1WMA;QuoteSizeTenor3y1w;;int;dbo;QualityMonitor;QuoteSizeTenor;QualityMonitorType;Code;MA;nvarchar(50);CurveQualityMonitor;
QC3Y1MMA;QuoteSizeTenor3y1m;;int;dbo;QualityMonitor;QuoteSizeTenor;QualityMonitorType;Code;MA;nvarchar(50);CurveQualityMonitor;
QC3Y2MMA;QuoteSizeTenor3y2m;;int;dbo;QualityMonitor;QuoteSizeTenor;QualityMonitorType;Code;MA;nvarchar(50);CurveQualityMonitor;
EODUpf4YMid;UpfrontValueMid4y;;decimal(38.15);dbo;Curve;UpfrontValueMid;Tenor;Code;4Y;nvarchar(50);Listing;
Upf4YBASpread;UpfrontBidAskSpread4y;;decimal(38.15);dbo;Curve;UpfrontBidAskSpread;Tenor;Code;4Y;nvarchar(50);Listing;
Upf4YBA1WMA;UpfrontBidAskSpread4y1w;;decimal(38.15);dbo;QualityMonitor;UpfrontBidAskSpread;QualityMonitorType;Code;MA;nvarchar(50);CurveQualityMonitor;
Upf4YBA1MMA;UpfrontBidAskSpread4y1m;;decimal(38.15);dbo;QualityMonitor;UpfrontBidAskSpread;QualityMonitorType;Code;MA;nvarchar(50);CurveQualityMonitor;
Upf4YBA2MMA;UpfrontBidAskSpread4y2m;;decimal(38.15);dbo;QualityMonitor;UpfrontBidAskSpread;QualityMonitorType;Code;MA;nvarchar(50);CurveQualityMonitor;
EODConv4YMid;ConventionalSpreadMid4y;;decimal(38.15);dbo;Curve;ConventionalSpreadMid;Tenor;Code;4Y;nvarchar(50);Listing;
Conv4YBASpread;ConventionalBidAskSpread4y;;decimal(38.15);dbo;Curve;ConventionalBidAskSpread;Tenor;Code;4Y;nvarchar(50);Listing;
Conv4YBA1WMA;ConventionalBidAskSpread4y1w;;decimal(38.15);dbo;QualityMonitor;ConventionalBidAskSpread;QualityMonitorType;Code;MA;nvarchar(50);CurveQualityMonitor;
Conv4YBA1MMA;ConventionalBidAskSpread4y1m;;decimal(38.15);dbo;QualityMonitor;ConventionalBidAskSpread;QualityMonitorType;Code;MA;nvarchar(50);CurveQualityMonitor;
Conv4YBA2MMA;ConventionalBidAskSpread4y2m;;decimal(38.15);dbo;QualityMonitor;ConventionalBidAskSpread;QualityMonitorType;Code;MA;nvarchar(50);CurveQualityMonitor;
4YUniquePP;UniquePricePoint4y;;int;dbo;Curve;UniquePricePoint;Tenor;Code;4Y;nvarchar(50);Listing;
4YUniquePP1WMA;UniquePricePoint4y1w;;int;dbo;QualityMonitor;UniquePricePoint;QualityMonitorType;Code;MA;nvarchar(50);CurveQualityMonitor;
4YUniquePP1MMA;UniquePricePoint4y1m;;int;dbo;QualityMonitor;UniquePricePoint;QualityMonitorType;Code;MA;nvarchar(50);CurveQualityMonitor;
4YUniquePP2MMA;UniquePricePoint4y2m;;int;dbo;QualityMonitor;UniquePricePoint;QualityMonitorType;Code;MA;nvarchar(50);CurveQualityMonitor;
4YDealersCount;DealerQuoteSizeTenor4y;;int;dbo;Curve;DealerQuoteSizeTenor;Tenor;Code;4Y;nvarchar(50);Listing;
DC4Y1WMA;DealerQuoteSizeTenor4y1w;;int;dbo;QualityMonitor;DealerQuoteSizeTenor;QualityMonitorType;Code;MA;nvarchar(50);CurveQualityMonitor;
DC4Y1MMA;DealerQuoteSizeTenor4y1m;;int;dbo;QualityMonitor;DealerQuoteSizeTenor;QualityMonitorType;Code;MA;nvarchar(50);CurveQualityMonitor;
DC4Y2MMA;DealerQuoteSizeTenor4y2m;;int;dbo;QualityMonitor;DealerQuoteSizeTenor;QualityMonitorType;Code;MA;nvarchar(50);CurveQualityMonitor;
4YQuotesCount;QuoteSizeTenor4y;;int;dbo;Curve;QuoteSizeTenor;Tenor;Code;4Y;nvarchar(50);Listing;
QC4Y1WMA;QuoteSizeTenor4y1w;;int;dbo;QualityMonitor;QuoteSizeTenor;QualityMonitorType;Code;MA;nvarchar(50);CurveQualityMonitor;
QC4Y1MMA;QuoteSizeTenor4y1m;;int;dbo;QualityMonitor;QuoteSizeTenor;QualityMonitorType;Code;MA;nvarchar(50);CurveQualityMonitor;
QC4Y2MMA;QuoteSizeTenor4y2m;;int;dbo;QualityMonitor;QuoteSizeTenor;QualityMonitorType;Code;MA;nvarchar(50);CurveQualityMonitor;
EODUpf5YMid;UpfrontValueMid5y;;decimal(38.15);dbo;Curve;UpfrontValueMid;Tenor;Code;5Y;nvarchar(50);Listing;
Upf5YBASpread;UpfrontBidAskSpread5y;;decimal(38.15);dbo;Curve;UpfrontBidAskSpread;Tenor;Code;5Y;nvarchar(50);Listing;
Upf5YBA1WMA;UpfrontBidAskSpread5y1w;;decimal(38.15);dbo;QualityMonitor;UpfrontBidAskSpread;QualityMonitorType;Code;MA;nvarchar(50);CurveQualityMonitor;
Upf5YBA1MMA;UpfrontBidAskSpread5y1m;;decimal(38.15);dbo;QualityMonitor;UpfrontBidAskSpread;QualityMonitorType;Code;MA;nvarchar(50);CurveQualityMonitor;
Upf5YBA2MMA;UpfrontBidAskSpread5y2m;;decimal(38.15);dbo;QualityMonitor;UpfrontBidAskSpread;QualityMonitorType;Code;MA;nvarchar(50);CurveQualityMonitor;
EODConv5YMid;ConventionalSpreadMid5y;;decimal(38.15);dbo;Curve;ConventionalSpreadMid;Tenor;Code;5Y;nvarchar(50);Listing;
Conv5YBASpread;ConventionalBidAskSpread5y;;decimal(38.15);dbo;Curve;ConventionalBidAskSpread;Tenor;Code;5Y;nvarchar(50);Listing;
Conv5YBA1WMA;ConventionalBidAskSpread5y1w;;decimal(38.15);dbo;QualityMonitor;ConventionalBidAskSpread;QualityMonitorType;Code;MA;nvarchar(50);CurveQualityMonitor;
Conv5YBA1MMA;ConventionalBidAskSpread5y1m;;decimal(38.15);dbo;QualityMonitor;ConventionalBidAskSpread;QualityMonitorType;Code;MA;nvarchar(50);CurveQualityMonitor;
Conv5YBA2MMA;ConventionalBidAskSpread5y2m;;decimal(38.15);dbo;QualityMonitor;ConventionalBidAskSpread;QualityMonitorType;Code;MA;nvarchar(50);CurveQualityMonitor;
5YUniquePP;UniquePricePoint5y;;int;dbo;Curve;UniquePricePoint;Tenor;Code;5Y;nvarchar(50);Listing;
5YUniquePP1WMA;UniquePricePoint5y1w;;int;dbo;QualityMonitor;UniquePricePoint;QualityMonitorType;Code;MA;nvarchar(50);CurveQualityMonitor;
5YUniquePP1MMA;UniquePricePoint5y1m;;int;dbo;QualityMonitor;UniquePricePoint;QualityMonitorType;Code;MA;nvarchar(50);CurveQualityMonitor;
5YUniquePP2MMA;UniquePricePoint5y2m;;int;dbo;QualityMonitor;UniquePricePoint;QualityMonitorType;Code;MA;nvarchar(50);CurveQualityMonitor;
5YDealersCount;DealerQuoteSizeTenor5y;;int;dbo;Curve;DealerQuoteSizeTenor;Tenor;Code;5Y;nvarchar(50);Listing;
DC5Y1WMA;DealerQuoteSizeTenor5y1w;;int;dbo;QualityMonitor;DealerQuoteSizeTenor;QualityMonitorType;Code;MA;nvarchar(50);CurveQualityMonitor;
DC5Y1MMA;DealerQuoteSizeTenor5y1m;;int;dbo;QualityMonitor;DealerQuoteSizeTenor;QualityMonitorType;Code;MA;nvarchar(50);CurveQualityMonitor;
DC5Y2MMA;DealerQuoteSizeTenor5y2m;;int;dbo;QualityMonitor;DealerQuoteSizeTenor;QualityMonitorType;Code;MA;nvarchar(50);CurveQualityMonitor;
5YQuotesCount;QuoteSizeTenor5y;;int;dbo;Curve;QuoteSizeTenor;Tenor;Code;5Y;nvarchar(50);Listing;
QC5Y1WMA;QuoteSizeTenor5y1w;;int;dbo;QualityMonitor;QuoteSizeTenor;QualityMonitorType;Code;MA;nvarchar(50);CurveQualityMonitor;
QC5Y1MMA;QuoteSizeTenor5y1m;;int;dbo;QualityMonitor;QuoteSizeTenor;QualityMonitorType;Code;MA;nvarchar(50);CurveQualityMonitor;
QC5Y2MMA;QuoteSizeTenor5y2m;;int;dbo;QualityMonitor;QuoteSizeTenor;QualityMonitorType;Code;MA;nvarchar(50);CurveQualityMonitor;
EODUpf7YMid;UpfrontValueMid7y;;decimal(38.15);dbo;Curve;UpfrontValueMid;Tenor;Code;7Y;nvarchar(50);Listing;
Upf7YBASpread;UpfrontBidAskSpread7y;;decimal(38.15);dbo;Curve;UpfrontBidAskSpread;Tenor;Code;7Y;nvarchar(50);Listing;
Upf7YBA1WMA;UpfrontBidAskSpread7y1w;;decimal(38.15);dbo;QualityMonitor;UpfrontBidAskSpread;QualityMonitorType;Code;MA;nvarchar(50);CurveQualityMonitor;
Upf7YBA1MMA;UpfrontBidAskSpread7y1m;;decimal(38.15);dbo;QualityMonitor;UpfrontBidAskSpread;QualityMonitorType;Code;MA;nvarchar(50);CurveQualityMonitor;
Upf7YBA2MMA;UpfrontBidAskSpread7y2m;;decimal(38.15);dbo;QualityMonitor;UpfrontBidAskSpread;QualityMonitorType;Code;MA;nvarchar(50);CurveQualityMonitor;
EODConv7YMid;ConventionalSpreadMid7y;;decimal(38.15);dbo;Curve;ConventionalSpreadMid;Tenor;Code;7Y;nvarchar(50);Listing;
Conv7YBASpread;ConventionalBidAskSpread7y;;decimal(38.15);dbo;Curve;ConventionalBidAskSpread;Tenor;Code;7Y;nvarchar(50);Listing;
Conv7YBA1WMA;ConventionalBidAskSpread7y1w;;decimal(38.15);dbo;QualityMonitor;ConventionalBidAskSpread;QualityMonitorType;Code;MA;nvarchar(50);CurveQualityMonitor;
Conv7YBA1MMA;ConventionalBidAskSpread7y1m;;decimal(38.15);dbo;QualityMonitor;ConventionalBidAskSpread;QualityMonitorType;Code;MA;nvarchar(50);CurveQualityMonitor;
Conv7YBA2MMA;ConventionalBidAskSpread7y2m;;decimal(38.15);dbo;QualityMonitor;ConventionalBidAskSpread;QualityMonitorType;Code;MA;nvarchar(50);CurveQualityMonitor;
7YUniquePP;UniquePricePoint7y;;int;dbo;Curve;UniquePricePoint;Tenor;Code;7Y;nvarchar(50);Listing;
7YUniquePP1WMA;UniquePricePoint7y1w;;int;dbo;QualityMonitor;UniquePricePoint;QualityMonitorType;Code;MA;nvarchar(50);CurveQualityMonitor;
7YUniquePP1MMA;UniquePricePoint7y1m;;int;dbo;QualityMonitor;UniquePricePoint;QualityMonitorType;Code;MA;nvarchar(50);CurveQualityMonitor;
7YUniquePP2MMA;UniquePricePoint7y2m;;int;dbo;QualityMonitor;UniquePricePoint;QualityMonitorType;Code;MA;nvarchar(50);CurveQualityMonitor;
7YDealersCount;DealerQuoteSizeTenor7y;;int;dbo;Curve;DealerQuoteSizeTenor;Tenor;Code;7Y;nvarchar(50);Listing;
DC7Y1WMA;DealerQuoteSizeTenor7y1w;;int;dbo;QualityMonitor;DealerQuoteSizeTenor;QualityMonitorType;Code;MA;nvarchar(50);CurveQualityMonitor;
DC7Y1MMA;DealerQuoteSizeTenor7y1m;;int;dbo;QualityMonitor;DealerQuoteSizeTenor;QualityMonitorType;Code;MA;nvarchar(50);CurveQualityMonitor;
DC7Y2MMA;DealerQuoteSizeTenor7y2m;;int;dbo;QualityMonitor;DealerQuoteSizeTenor;QualityMonitorType;Code;MA;nvarchar(50);CurveQualityMonitor;
7YQuotesCount;QuoteSizeTenor7y;;int;dbo;Curve;QuoteSizeTenor;Tenor;Code;7Y;nvarchar(50);Listing;
QC7Y1WMA;QuoteSizeTenor7y1w;;int;dbo;QualityMonitor;QuoteSizeTenor;QualityMonitorType;Code;MA;nvarchar(50);CurveQualityMonitor;
QC7Y1MMA;QuoteSizeTenor7y1m;;int;dbo;QualityMonitor;QuoteSizeTenor;QualityMonitorType;Code;MA;nvarchar(50);CurveQualityMonitor;
QC7Y2MMA;QuoteSizeTenor7y2m;;int;dbo;QualityMonitor;QuoteSizeTenor;QualityMonitorType;Code;MA;nvarchar(50);CurveQualityMonitor;
EODUpf10YMid;UpfrontValueMid10y;;decimal(38.15);dbo;Curve;UpfrontValueMid;Tenor;Code;10Y;nvarchar(50);Listing;
Upf10YBASpread;UpfrontBidAskSpread10y;;decimal(38.15);dbo;Curve;UpfrontBidAskSpread;Tenor;Code;10Y;nvarchar(50);Listing;
Upf10YBA1WMA;UpfrontBidAskSpread10y1w;;decimal(38.15);dbo;QualityMonitor;UpfrontBidAskSpread;QualityMonitorType;Code;MA;nvarchar(50);CurveQualityMonitor;
Upf10YBA1MMA;UpfrontBidAskSpread10y1m;;decimal(38.15);dbo;QualityMonitor;UpfrontBidAskSpread;QualityMonitorType;Code;MA;nvarchar(50);CurveQualityMonitor;
Upf10YBA2MMA;UpfrontBidAskSpread10y2m;;decimal(38.15);dbo;QualityMonitor;UpfrontBidAskSpread;QualityMonitorType;Code;MA;nvarchar(50);CurveQualityMonitor;
EODConv10YMid;ConventionalSpreadMid10y;;decimal(38.15);dbo;Curve;ConventionalSpreadMid;Tenor;Code;10Y;nvarchar(50);Listing;
Conv10YBASpread;ConventionalBidAskSpread10y;;decimal(38.15);dbo;Curve;ConventionalBidAskSpread;Tenor;Code;10Y;nvarchar(50);Listing;
Conv10YBA1WMA;ConventionalBidAskSpread10y1w;;decimal(38.15);dbo;QualityMonitor;ConventionalBidAskSpread;QualityMonitorType;Code;MA;nvarchar(50);CurveQualityMonitor;
Conv10YBA1MMA;ConventionalBidAskSpread10y1m;;decimal(38.15);dbo;QualityMonitor;ConventionalBidAskSpread;QualityMonitorType;Code;MA;nvarchar(50);CurveQualityMonitor;
Conv10YBA2MMA;ConventionalBidAskSpread10y2m;;decimal(38.15);dbo;QualityMonitor;ConventionalBidAskSpread;QualityMonitorType;Code;MA;nvarchar(50);CurveQualityMonitor;
10YUniquePP;UniquePricePoint10y;;int;dbo;Curve;UniquePricePoint;Tenor;Code;10Y;nvarchar(50);Listing;
10YUniquePP1WMA;UniquePricePoint10y1w;;int;dbo;QualityMonitor;UniquePricePoint;QualityMonitorType;Code;MA;nvarchar(50);CurveQualityMonitor;
10YUniquePP1MMA;UniquePricePoint10y1m;;int;dbo;QualityMonitor;UniquePricePoint;QualityMonitorType;Code;MA;nvarchar(50);CurveQualityMonitor;
10YUniquePP2MMA;UniquePricePoint10y2m;;int;dbo;QualityMonitor;UniquePricePoint;QualityMonitorType;Code;MA;nvarchar(50);CurveQualityMonitor;
10YDealersCount;DealerQuoteSizeTenor10y;;int;dbo;Curve;DealerQuoteSizeTenor;Tenor;Code;10Y;nvarchar(50);Listing;
DC10Y1WMA;DealerQuoteSizeTenor10y1w;;int;dbo;QualityMonitor;DealerQuoteSizeTenor;QualityMonitorType;Code;MA;nvarchar(50);CurveQualityMonitor;
DC10Y1MMA;DealerQuoteSizeTenor10y1m;;int;dbo;QualityMonitor;DealerQuoteSizeTenor;QualityMonitorType;Code;MA;nvarchar(50);CurveQualityMonitor;
DC10Y2MMA;DealerQuoteSizeTenor10y2m;;int;dbo;QualityMonitor;DealerQuoteSizeTenor;QualityMonitorType;Code;MA;nvarchar(50);CurveQualityMonitor;
10YQuotesCount;QuoteSizeTenor10y;;int;dbo;Curve;QuoteSizeTenor;Tenor;Code;10Y;nvarchar(50);Listing;
QC10Y1WMA;QuoteSizeTenor10y1w;;int;dbo;QualityMonitor;QuoteSizeTenor;QualityMonitorType;Code;MA;nvarchar(50);CurveQualityMonitor;
QC10Y1MMA;QuoteSizeTenor10y1m;;int;dbo;QualityMonitor;QuoteSizeTenor;QualityMonitorType;Code;MA;nvarchar(50);CurveQualityMonitor;
QC10Y2MMA;QuoteSizeTenor10y2m;;int;dbo;QualityMonitor;QuoteSizeTenor;QualityMonitorType;Code;MA;nvarchar(50);CurveQualityMonitor;
BidAskType5Y;BidAskMethod;;nvarchar(10);dbo;Curve;BidAskMethod;;;;;Listing;
DealersCountCurve;DealerQuoteSize;;int;dbo;Curve;DealerQuoteSize;;;;;Listing;
CurveDC1WMA;DealerQuoteSize1w;;int;dbo;QualityMonitor;DealerQuoteSize;QualityMonitorType;Code;MA;nvarchar(50);CurveQualityMonitor;
CurveDC1MMA;DealerQuoteSize1m;;int;dbo;QualityMonitor;DealerQuoteSize;QualityMonitorType;Code;MA;nvarchar(50);CurveQualityMonitor;
CurveDC2MMA;DealerQuoteSize2m;;int;dbo;QualityMonitor;DealerQuoteSize;QualityMonitorType;Code;MA;nvarchar(50);CurveQualityMonitor;
QuotesCountCurve;QuoteSize;;int;dbo;Curve;QuoteSize;;;;;Listing;
CurveQC1WMA;QuoteSize1w;;int;dbo;QualityMonitor;QuoteSize;QualityMonitorType;Code;MA;nvarchar(50);CurveQualityMonitor;
CurveQC1MMA;QuoteSize1m;;int;dbo;QualityMonitor;QuoteSize;QualityMonitorType;Code;MA;nvarchar(50);CurveQualityMonitor;
CurveQC2MMA;QuoteSize2m;;int;dbo;QualityMonitor;QuoteSize;QualityMonitorType;Code;MA;nvarchar(50);CurveQualityMonitor;
Total EOD Contr;ContributorsTotal;;int;dbo;Curve;ContributorsTotal;;;;;Listing;
CompositeDepth5y;CompositeDepth;;int;dbo;Curve;CompositeDepth;Tenor;Code;5Y;nvarchar(50);Listing;
Dep1WMA;CompositeDepth1w;;int;dbo;QualityMonitor;CompositeDepth;QualityMonitorType;Code;MA;nvarchar(50);CurveQualityMonitor;
Dep1MMA;CompositeDepth1m;;int;dbo;QualityMonitor;CompositeDepth;QualityMonitorType;Code;MA;nvarchar(50);CurveQualityMonitor;
Dep2MMA;CompositeDepth2m;;int;dbo;QualityMonitor;CompositeDepth;QualityMonitorType;Code;MA;nvarchar(50);CurveQualityMonitor;
EstimatedNotional;NotionalEstimated;;int;dbo;Curve;NotionalEstimated;;;;;Listing;
CurveLiquidityScore;LiquidityScore;;int;dbo;Curve;LiquidityScore;;;;;Listing;
Liq1WMA;LiquidityScore1w;;int;dbo;QualityMonitor;LiquidityScore;QualityMonitorType;Code;MA;nvarchar(50);CurveQualityMonitor;
Liq1MMA;LiquidityScore1m;;int;dbo;QualityMonitor;LiquidityScore;QualityMonitorType;Code;MA;nvarchar(50);CurveQualityMonitor;
Liq2MMA;LiquidityScore2m;;int;dbo;QualityMonitor;LiquidityScore;QualityMonitorType;Code;MA;nvarchar(50);CurveQualityMonitor;
Sec4LastUpdate;LastUpdateDateSection4;;date;dbo;Curve;LastUpdateDateSection4;;;;;Listing;
WklyGNSec4;GrossNotional1WeekSection4;;int;dbo;Curve;GrossNotional1WeekSection4;;;;;Listing;
GNSec1MMA;GrossNotional1MonthSection4;;decimal(38.15);dbo;QualityMonitor;GrossNotional1MonthSection4;QualityMonitorType;Code;MA;nvarchar(50);CurveQualityMonitor;
GNSec2MMA;GrossNotional2MonthSection4;;decimal(38.15);dbo;QualityMonitor;GrossNotional2MonthSection4;QualityMonitorType;Code;MA;nvarchar(50);CurveQualityMonitor;
WklyContrctSec4;NumberOfContracts1WeekSection4;;int;dbo;Curve;NumberOfContracts1WeekSection4;;;;;Listing;
ContrctSec1MMA;NumberOfContracts1MonthSection4;;decimal(38.15);dbo;QualityMonitor;NumberOfContracts1MonthSection4;QualityMonitorType;Code;MA;nvarchar(50);CurveQualityMonitor;
ContrctSec2MMA;NumberOfContracts2MonthSection4;;decimal(38.15);dbo;QualityMonitor;NumberOfContracts2MonthSection4;QualityMonitorType;Code;MA;nvarchar(50);CurveQualityMonitor;
GNXTrd;GrossNotional;;decimal(38.15);dbo;Curve;GrossNotional;;;;;Listing;
GNXTrd1MMA;GrossNotional1m;;decimal(38.15);dbo;QualityMonitor;GrossNotional;QualityMonitorType;Code;MA;nvarchar(50);CurveQualityMonitor;
GNXTrd2MMA;GrossNotional2m;;decimal(38.15);dbo;QualityMonitor;GrossNotional;QualityMonitorType;Code;MA;nvarchar(50);CurveQualityMonitor;
